StartDatetime,TotalDemand,PredictedDemand,ActualPeak,PredictedPeak
2022-07-21 08:00:00,208.96,273.3260149189721,0,1
2022-07-21 09:00:00,111.15,196.68485213835734,0,0
2022-07-21 10:00:00,56.95,155.48187449983203,0,0
2022-07-21 11:00:00,115.72,173.8056223793296,0,0
2022-07-21 12:00:00,147.62,125.4525457090871,0,0
2022-07-21 13:00:00,229.43,186.84807382491908,0,0
2022-07-21 14:00:00,223.69,164.25277704490284,0,0
2022-07-21 15:00:00,373.12,216.31710889505308,1,0
2022-07-21 16:00:00,256.15,280.1625324988101,0,1
2022-07-21 17:00:00,473.42,328.99929272393933,1,1
2022-07-21 18:00:00,554.5,399.12958360969265,1,1
2022-07-21 19:00:00,270.51,357.78479753319255,1,1
2022-07-21 20:00:00,366.72,305.27420713748995,1,1
2022-07-21 21:00:00,431.14,322.71174293341767,1,1
2022-07-21 22:00:00,233.07999999999998,157.73246274790924,0,0
2022-07-21 23:00:00,150.89,174.5709184957376,0,0
2022-07-22 00:00:00,99.4,82.94880670995668,0,0
2022-07-22 01:00:00,73.34,36.48534654479654,0,0
2022-07-22 02:00:00,56.12,13.274132788509679,0,0
2022-07-22 03:00:00,20.869999999999997,14.262993463887566,0,0
2022-07-22 04:00:00,0.0,11.892153758796539,0,0
2022-07-22 05:00:00,24.1,36.71146274509806,0,0
2022-07-22 06:00:00,80.99,83.1918544543547,0,0
2022-07-22 07:00:00,99.9,154.07808719019772,0,0
2022-07-22 08:00:00,479.9,288.1842039936472,1,1
2022-07-22 09:00:00,75.32,180.63923312997912,0,0
2022-07-22 10:00:00,133.26,194.04161951486637,0,0
2022-07-22 11:00:00,93.83,164.298821858072,0,0
2022-07-22 12:00:00,302.53,155.11630024094134,1,0
2022-07-22 13:00:00,174.54,176.76982331915315,0,0
2022-07-22 14:00:00,115.42999999999999,189.64805182670622,0,0
2022-07-22 15:00:00,254.17000000000002,185.14954746423652,0,0
2022-07-22 16:00:00,203.3,263.07066084703183,0,1
2022-07-22 17:00:00,397.9,306.37067052455535,1,1
2022-07-22 18:00:00,343.22,376.36212636255243,1,1
2022-07-22 19:00:00,396.98,326.01752211957506,1,1
2022-07-22 20:00:00,229.76999999999998,319.17778147418665,0,1
2022-07-22 21:00:00,307.51,278.9763086108215,1,1
2022-07-22 22:00:00,246.17000000000002,179.62930394364514,0,0
2022-07-22 23:00:00,148.17,173.63876965964954,0,0
2022-07-23 00:00:00,158.47,93.09685599838966,0,0
2022-07-23 01:00:00,71.14,36.59127020507206,0,0
2022-07-23 02:00:00,16.91,31.015656576747965,0,0
2022-07-23 03:00:00,7.51,12.706018249925298,0,0
2022-07-23 04:00:00,0.0,5.531505670103336,0,0
2022-07-23 05:00:00,107.02,45.31912716312194,0,0
2022-07-23 06:00:00,61.489999999999995,72.83579796168969,0,0
2022-07-23 07:00:00,76.29,124.89171111111115,0,0
2022-07-23 08:00:00,171.88,201.65937047619045,0,0
2022-07-23 09:00:00,303.1,178.13521247295353,1,0
2022-07-23 10:00:00,105.55,190.72481723082316,0,0
2022-07-23 11:00:00,128.86,151.53503651353864,0,0
2022-07-23 12:00:00,282.5,164.74059417340223,1,0
2022-07-23 13:00:00,204.71,174.35767452106046,0,0
2022-07-23 14:00:00,182.07,183.94590981093256,0,0
2022-07-23 15:00:00,435.15999999999997,183.34028062008537,1,0
2022-07-23 16:00:00,134.65,289.8472521215783,0,1
2022-07-23 17:00:00,714.53,274.32945723956715,1,1
2022-07-23 18:00:00,251.72,352.0496148032331,0,1
2022-07-23 19:00:00,422.39,303.00244190794905,1,1
2022-07-23 20:00:00,377.09000000000003,348.5045653648896,1,1
2022-07-23 21:00:00,205.21,347.96534601123324,0,1
2022-07-23 22:00:00,228.72,177.69813318522975,0,0
2022-07-23 23:00:00,201.82999999999998,181.0775247819008,0,0
2022-07-24 00:00:00,139.63,82.65002981481486,0,0
2022-07-24 01:00:00,0.0,41.03696424624421,0,0
2022-07-24 02:00:00,60.61,30.91682316102054,0,0
2022-07-24 03:00:00,0.0,21.835473214608665,0,0
2022-07-24 04:00:00,40.4,11.738085735939794,0,0
2022-07-24 05:00:00,35.59,47.80282222222229,0,0
2022-07-24 06:00:00,5.65,63.892814874132554,0,0
2022-07-24 07:00:00,87.77,84.00717333333333,0,0
2022-07-24 08:00:00,165.48,169.32885327500705,0,0
2022-07-24 09:00:00,69.1,189.1674252456873,0,0
2022-07-24 10:00:00,214.49,171.29110708412358,0,0
2022-07-24 11:00:00,178.59,135.0360100187146,0,0
2022-07-24 12:00:00,179.6,179.60262591746474,0,0
2022-07-24 13:00:00,244.44,167.381644498589,0,0
2022-07-24 14:00:00,66.47,187.8716360048571,0,0
2022-07-24 15:00:00,297.32,175.49999702969203,1,0
2022-07-24 16:00:00,248.71,242.6365523137724,0,1
2022-07-24 17:00:00,348.22,313.16791786634906,1,1
2022-07-24 18:00:00,579.05,313.0472493068473,1,1
2022-07-24 19:00:00,261.55,340.80870089944005,0,1
2022-07-24 20:00:00,278.72,282.2570075412618,1,1
2022-07-24 21:00:00,444.47,268.2457627584918,1,1
2022-07-24 22:00:00,306.13,200.85279526630512,1,0
2022-07-24 23:00:00,145.69,159.93856800855224,0,0
2022-07-25 00:00:00,85.69,68.07137399470898,0,0
2022-07-25 01:00:00,0.0,50.70329727765135,0,0
2022-07-25 02:00:00,0.0,32.08746471192612,0,0
2022-07-25 03:00:00,0.0,7.907930279671923,0,0
2022-07-25 04:00:00,0.0,21.272428956498317,0,0
2022-07-25 05:00:00,40.36,37.31781265750092,0,0
2022-07-25 06:00:00,166.18,92.15171037037031,0,0
2022-07-25 07:00:00,210.05,160.2358142857145,0,0
2022-07-25 08:00:00,330.71,249.04716574929432,1,1
2022-07-25 09:00:00,98.88,183.9239520190596,0,0
2022-07-25 10:00:00,87.91,185.47657443922773,0,0
2022-07-25 11:00:00,187.23000000000002,181.88437496435012,0,0
2022-07-25 12:00:00,92.42,170.72690599515238,0,0
2022-07-25 13:00:00,367.87,177.3442767228337,1,0
2022-07-25 14:00:00,270.42,167.68941496461915,1,0
2022-07-25 15:00:00,148.39000000000001,218.89178515695568,0,0
2022-07-25 16:00:00,186.37,234.9231837092458,0,0
2022-07-25 17:00:00,463.96,366.2647682444648,1,1
2022-07-25 18:00:00,374.38,436.1209998439264,1,1
2022-07-25 19:00:00,174.42000000000002,344.7158205929792,0,1
2022-07-25 20:00:00,396.87,341.70435599128655,1,1
2022-07-25 21:00:00,403.58,328.25410821983513,1,1
2022-07-25 22:00:00,187.6,188.11679269519507,0,0
2022-07-25 23:00:00,214.36,167.8058380403324,0,0
2022-07-26 00:00:00,154.26,73.607053030303,0,0
2022-07-26 01:00:00,24.09,41.24334757820746,0,0
2022-07-26 02:00:00,0.0,20.36863608000179,0,0
2022-07-26 03:00:00,0.0,10.28813410642507,0,0
2022-07-26 04:00:00,17.8,11.66032439357817,0,0
2022-07-26 05:00:00,20.54,62.38960010773539,0,0
2022-07-26 06:00:00,52.540000000000006,65.74421132148552,0,0
2022-07-26 07:00:00,125.31,175.82998039215695,0,0
2022-07-26 08:00:00,249.07,237.44002401244322,0,1
2022-07-26 09:00:00,150.4,194.84038594438232,0,0
2022-07-26 10:00:00,111.98,156.4704302542024,0,0
2022-07-26 11:00:00,277.93,166.87149495838037,1,0
2022-07-26 12:00:00,229.15,148.75121760096405,0,0
2022-07-26 13:00:00,169.57,186.20834006629656,0,0
2022-07-26 14:00:00,212.07,205.25745203502117,0,0
2022-07-26 15:00:00,99.03999999999999,183.75449499769812,0,0
2022-07-26 16:00:00,324.74,233.53272493113744,1,0
2022-07-26 17:00:00,375.96,353.52630024011575,1,1
2022-07-26 18:00:00,550.4,389.9745371329274,1,1
2022-07-26 19:00:00,493.44,322.3630631452733,1,1
2022-07-26 20:00:00,449.66,401.2229026066239,1,1
2022-07-26 21:00:00,275.5,328.07187714826404,1,1
2022-07-26 22:00:00,374.75,189.82483113422234,1,0
2022-07-26 23:00:00,231.41,178.12882822996966,0,0
2022-07-27 00:00:00,210.4,81.81168391534398,0,0
2022-07-27 01:00:00,0.0,77.42653961849336,0,0
2022-07-27 02:00:00,59.46,31.74182929260861,0,0
2022-07-27 03:00:00,0.0,47.49589600975568,0,0
2022-07-27 04:00:00,9.57,30.86828988550975,0,0
2022-07-27 05:00:00,36.37,43.796955866791144,0,0
2022-07-27 06:00:00,150.51000000000002,75.27383953170995,0,0
2022-07-27 07:00:00,177.99,198.45229629629637,0,0
2022-07-27 08:00:00,483.08000000000004,296.28341414141454,1,1
2022-07-27 09:00:00,222.68,197.31477064244172,0,0
2022-07-27 10:00:00,29.68,186.34061094632077,0,0
2022-07-27 11:00:00,59.81,153.5074378211185,0,0
2022-07-27 12:00:00,165.28,175.23120906275503,0,0
2022-07-27 13:00:00,258.38,158.91217573202755,0,0
2022-07-27 14:00:00,166.41,171.7454227869837,0,0
2022-07-27 15:00:00,323.8,162.27286452798606,1,0
2022-07-27 16:00:00,294.18,264.4464182729098,1,1
2022-07-27 17:00:00,279.95,389.3046239381389,1,1
2022-07-27 18:00:00,629.89,409.06900804619977,1,1
2022-07-27 19:00:00,247.34,426.6208976592423,0,1
2022-07-27 20:00:00,451.33,338.5130171758503,1,1
2022-07-27 21:00:00,424.27,359.8898866088269,1,1
2022-07-27 22:00:00,264.77,245.32375849659985,1,1
2022-07-27 23:00:00,106.27,177.64537472569617,0,0
2022-07-28 00:00:00,95.80000000000001,96.96786666666664,0,0
2022-07-28 01:00:00,19.23,48.557930347823664,0,0
2022-07-28 02:00:00,10.3,31.73738319887706,0,0
2022-07-28 03:00:00,28.490000000000002,13.17963958691777,0,0
2022-07-28 04:00:00,32.8,24.724563421241754,0,0
2022-07-28 05:00:00,58.760000000000005,49.274044444444435,0,0
2022-07-28 06:00:00,132.86,71.17155075396825,0,0
2022-07-28 07:00:00,314.01,209.23693333333333,1,0
2022-07-28 08:00:00,215.97,276.2649169573441,0,1
2022-07-28 09:00:00,328.58,204.26198089594882,1,0
2022-07-28 10:00:00,211.12,163.56983688294557,0,0
2022-07-28 11:00:00,198.15,153.44805453262506,0,0
2022-07-28 12:00:00,163.15,167.27437060308645,0,0
2022-07-28 13:00:00,296.65,153.84175791579395,1,0
2022-07-28 14:00:00,201.76,161.64544981080138,0,0
2022-07-28 15:00:00,198.01,204.05024872895632,0,0
2022-07-28 16:00:00,331.14,253.52843981273355,1,1
2022-07-28 17:00:00,290.64,412.8036163399413,1,1
2022-07-28 18:00:00,396.40999999999997,410.1455661108011,1,1
2022-07-28 19:00:00,445.89,418.4892501867444,1,1
2022-07-28 20:00:00,306.98,383.47349730621414,1,1
2022-07-28 21:00:00,327.67,313.80983936181224,1,1
2022-07-28 22:00:00,246.07999999999998,182.3648279918746,0,0
2022-07-28 23:00:00,195.47,188.92439145397088,0,0
2022-07-29 00:00:00,105.21000000000001,87.64035021164014,0,0
2022-07-29 01:00:00,0.0,32.341601049862625,0,0
2022-07-29 02:00:00,69.2,34.43951156605282,0,0
2022-07-29 03:00:00,26.1,39.02200112991246,0,0
2022-07-29 04:00:00,50.56,30.701135784436325,0,0
2022-07-29 05:00:00,75.78999999999999,47.115413333333336,0,0
2022-07-29 06:00:00,147.60999999999999,76.25875853174604,0,0
2022-07-29 07:00:00,263.01,168.76491666666664,0,0
2022-07-29 08:00:00,391.82,294.2122913720541,1,1
2022-07-29 09:00:00,212.43,198.62503394179896,0,0
2022-07-29 10:00:00,258.96999999999997,172.7271376200434,0,0
2022-07-29 11:00:00,180.45,165.20104832309644,0,0
2022-07-29 12:00:00,280.49,167.6497348270591,1,0
2022-07-29 13:00:00,262.26,176.95602918842854,0,0
2022-07-29 14:00:00,222.47,162.17129520558964,0,0
2022-07-29 15:00:00,250.34,165.56323834430867,0,0
2022-07-29 16:00:00,335.11,240.48314177730092,1,1
2022-07-29 17:00:00,447.61,394.9406469024615,1,1
2022-07-29 18:00:00,324.6,381.64929327701765,1,1
2022-07-29 19:00:00,356.25,367.21173553395204,1,1
2022-07-29 20:00:00,256.57,372.18930151750635,0,1
2022-07-29 21:00:00,502.7,314.74058054100385,1,1
2022-07-29 22:00:00,254.74,170.77234800881402,0,0
2022-07-29 23:00:00,160.9,180.7044351960577,0,0
2022-07-30 00:00:00,86.9,92.02071959595952,0,0
2022-07-30 01:00:00,97.43,30.414652436659527,0,0
2022-07-30 02:00:00,0.0,47.676636096485296,0,0
2022-07-30 03:00:00,8.16,29.48064207872857,0,0
2022-07-30 04:00:00,19.3,46.498309981569804,0,0
2022-07-30 05:00:00,11.97,64.5416683760684,0,0
2022-07-30 06:00:00,134.55,70.90920521852799,0,0
2022-07-30 07:00:00,200.95000000000002,129.50033333333323,0,0
2022-07-30 08:00:00,241.84,207.67169043986786,0,0
2022-07-30 09:00:00,99.08,201.30638714597995,0,0
2022-07-30 10:00:00,29.479999999999997,185.60473062436273,0,0
2022-07-30 11:00:00,83.96000000000001,172.16254125495868,0,0
2022-07-30 12:00:00,120.19,151.5600290795891,0,0
2022-07-30 13:00:00,258.32,180.61072386816224,0,0
2022-07-30 14:00:00,87.97,193.56581380080917,0,0
2022-07-30 15:00:00,262.4,202.6645971951568,0,0
2022-07-30 16:00:00,151.77,218.9441475832536,0,0
2022-07-30 17:00:00,277.75,324.123483262881,1,1
2022-07-30 18:00:00,306.13,302.69295486094455,1,1
2022-07-30 19:00:00,203.3,267.11436456655207,0,1
2022-07-30 20:00:00,254.3,263.4526286714473,0,1
2022-07-30 21:00:00,238.61,276.0746873904938,0,1
2022-07-30 22:00:00,265.41,164.23111457685937,1,0
2022-07-30 23:00:00,57.290000000000006,135.254168577294,0,0
2022-07-31 00:00:00,11.62,76.07169178263841,0,0
2022-07-31 01:00:00,0.0,35.37689088666236,0,0
2022-07-31 02:00:00,75.7,4.583745783775458,0,0
2022-07-31 03:00:00,0.0,8.657355560995,0,0
2022-07-31 04:00:00,0.0,15.812188094745883,0,0
2022-07-31 05:00:00,12.2,20.412540335621987,0,0
2022-07-31 06:00:00,19.42,63.33991728584281,0,0
2022-07-31 07:00:00,29.17,74.04253333333331,0,0
2022-07-31 08:00:00,144.31,119.18355696303905,0,0
2022-07-31 09:00:00,99.67999999999999,120.06327308413044,0,0
2022-07-31 10:00:00,161.94,119.93938636601216,0,0
2022-07-31 11:00:00,126.67,134.61632015361602,0,0
2022-07-31 12:00:00,121.59,134.2287282128358,0,0
2022-07-31 13:00:00,161.28,147.17663455892165,0,0
2022-07-31 14:00:00,167.17,140.93399552517027,0,0
2022-07-31 15:00:00,173.01,164.73170366417523,0,0
2022-07-31 16:00:00,244.65,193.16398571106853,0,0
2022-07-31 17:00:00,364.05,264.5878282007221,1,1
2022-07-31 18:00:00,397.41999999999996,275.00597780282675,1,1
2022-07-31 19:00:00,221.54,301.5745145122973,0,1
2022-07-31 20:00:00,243.07,280.47655494029584,0,1
2022-07-31 21:00:00,107.3,259.6625107996085,0,1
2022-07-31 22:00:00,276.62,154.37410219719263,1,0
2022-07-31 23:00:00,60.849999999999994,158.4023876788708,0,0
2022-08-01 00:00:00,39.52,67.55230545471527,0,0
2022-08-01 01:00:00,10.3,31.095761428965343,0,0
2022-08-01 02:00:00,35.02,12.839106724668122,0,0
2022-08-01 03:00:00,0.0,4.898826542947018,0,0
2022-08-01 04:00:00,39.22,5.267988246649013,0,0
2022-08-01 05:00:00,76.72999999999999,20.78839691745927,0,0
2022-08-01 06:00:00,137.66,91.0723201851852,0,0
2022-08-01 07:00:00,93.43,161.0753999999999,0,0
2022-08-01 08:00:00,109.87,251.07450455840473,0,1
2022-08-01 09:00:00,233.72,190.1344739285862,0,0
2022-08-01 10:00:00,173.09,121.55323396413691,0,0
2022-08-01 11:00:00,87.19,139.26064498864866,0,0
2022-08-01 12:00:00,174.04,156.50307798917618,0,0
2022-08-01 13:00:00,433.5,169.81820596705634,1,0
2022-08-01 14:00:00,204.92,176.93080873794162,0,0
2022-08-01 15:00:00,162.37,216.58082244628332,0,0
2022-08-01 16:00:00,325.33,270.9973321483404,1,1
2022-08-01 17:00:00,330.57,384.82000134333396,1,1
2022-08-01 18:00:00,384.65999999999997,367.99339687925186,1,1
2022-08-01 19:00:00,385.66,315.4341273641987,1,1
2022-08-01 20:00:00,168.70999999999998,313.1521607058255,0,1
2022-08-01 21:00:00,328.28,271.1961277785629,1,1
2022-08-01 22:00:00,91.17,194.78602208265477,0,0
2022-08-01 23:00:00,157.74,190.92331173559919,0,0
2022-08-02 00:00:00,88.77,109.07630344083694,0,0
2022-08-02 01:00:00,76.7,26.858363537639303,0,0
2022-08-02 02:00:00,0.0,16.076037311121738,0,0
2022-08-02 03:00:00,0.0,12.62370795423924,0,0
2022-08-02 04:00:00,16.4,16.44615249953387,0,0
2022-08-02 05:00:00,22.8,35.83919735732846,0,0
2022-08-02 06:00:00,54.23,70.83712268168954,0,0
2022-08-02 07:00:00,174.63,106.11042085838136,0,0
2022-08-02 08:00:00,223.78,266.2688593274482,0,1
2022-08-02 09:00:00,88.8,203.14749082998836,0,0
2022-08-02 10:00:00,238.55,144.11940952963985,0,0
2022-08-02 11:00:00,243.08,174.9230234593831,0,0
2022-08-02 12:00:00,248.97,172.84207182786338,0,0
2022-08-02 13:00:00,147.1,212.72650333249572,0,0
2022-08-02 14:00:00,293.82,182.1380360277134,1,0
2022-08-02 15:00:00,195.58,189.15094250503228,0,0
2022-08-02 16:00:00,274.79,223.95779542189456,1,0
2022-08-02 17:00:00,274.07,336.74135473560517,1,1
2022-08-02 18:00:00,317.97,357.6238430991976,1,1
2022-08-02 19:00:00,195.92,355.7117218713681,0,1
2022-08-02 20:00:00,452.6,319.59721143667406,1,1
2022-08-02 21:00:00,428.19,289.84682945339677,1,1
2022-08-02 22:00:00,291.03999999999996,221.20504542397666,1,0
2022-08-02 23:00:00,124.35,188.21567920918238,0,0
2022-08-03 00:00:00,0.0,95.14811851851854,0,0
2022-08-03 01:00:00,0.0,29.09944126573142,0,0
2022-08-03 02:00:00,72.49,13.069817759479358,0,0
2022-08-03 03:00:00,13.63,19.000775467329287,0,0
2022-08-03 04:00:00,5.92,9.879451559884137,0,0
2022-08-03 05:00:00,68.65,40.08271654225835,0,0
2022-08-03 06:00:00,92.36,82.12703768518517,0,0
2022-08-03 07:00:00,129.25,179.96611520697172,0,0
2022-08-03 08:00:00,324.61,274.4135744492547,1,1
2022-08-03 09:00:00,123.66999999999999,179.5552830838087,0,0
2022-08-03 10:00:00,219.93,182.0841749487857,0,0
2022-08-03 11:00:00,234.32,198.07510524088667,0,0
2022-08-03 12:00:00,93.19,186.69769602891589,0,0
2022-08-03 13:00:00,168.22,162.0572224146576,0,0
2022-08-03 14:00:00,250.85,187.88703005024243,0,0
2022-08-03 15:00:00,247.6,187.67237345855585,0,0
2022-08-03 16:00:00,151.22,252.11753927491165,0,1
2022-08-03 17:00:00,381.45,332.717112209828,1,1
2022-08-03 18:00:00,653.28,391.54263639197745,1,1
2022-08-03 19:00:00,597.43,324.6010604263374,1,1
2022-08-03 20:00:00,358.65999999999997,395.2403577827701,1,1
2022-08-03 21:00:00,451.57,367.860259454893,1,1
2022-08-03 22:00:00,286.77,194.2715111863812,1,0
2022-08-03 23:00:00,222.15,181.99051463895145,0,0
2022-08-04 00:00:00,239.35999999999999,78.46143148148145,0,0
2022-08-04 01:00:00,21.3,76.6192186431724,0,0
2022-08-04 02:00:00,18.0,50.95156583028078,0,0
2022-08-04 03:00:00,10.9,37.65734213370783,0,0
2022-08-04 04:00:00,0.0,41.585053289981715,0,0
2022-08-04 05:00:00,43.06,56.707586676721995,0,0
2022-08-04 06:00:00,87.01,84.34069929741212,0,0
2022-08-04 07:00:00,211.62,217.3256666666668,0,0
2022-08-04 08:00:00,258.15,273.05427253674577,0,1
2022-08-04 09:00:00,288.9,180.92644482688172,1,0
2022-08-04 10:00:00,275.09,170.1144194407623,1,0
2022-08-04 11:00:00,185.86,189.5668226610638,0,0
2022-08-04 12:00:00,113.32,183.72156468688354,0,0
2022-08-04 13:00:00,175.19,157.09453287284356,0,0
2022-08-04 14:00:00,319.21,180.19088376040787,1,0
2022-08-04 15:00:00,157.28,178.44479974298238,0,0
2022-08-04 16:00:00,333.33,247.29614333459566,1,1
2022-08-04 17:00:00,339.31,387.87505009777885,1,1
2022-08-04 18:00:00,455.31,429.1877331281763,1,1
2022-08-04 19:00:00,538.92,425.7427079706968,1,1
2022-08-04 20:00:00,388.64,378.67584931444054,1,1
2022-08-04 21:00:00,533.22,354.5038741789955,1,1
2022-08-04 22:00:00,314.5,191.24393975233633,1,0
2022-08-04 23:00:00,97.3,160.40387838043097,0,0
2022-08-05 00:00:00,122.21000000000001,104.02106666666661,0,0
2022-08-05 01:00:00,1.0,42.54490118231576,0,0
2022-08-05 02:00:00,0.0,30.715524976247398,0,0
2022-08-05 03:00:00,0.0,37.79093350521358,0,0
2022-08-05 04:00:00,15.77,37.758608234265694,0,0
2022-08-05 05:00:00,0.0,71.0551644544997,0,0
2022-08-05 06:00:00,84.41,83.87454766955265,0,0
2022-08-05 07:00:00,207.75,192.90049714285723,0,0
2022-08-05 08:00:00,404.87,292.30160222222247,1,1
2022-08-05 09:00:00,226.15,168.1553717415289,0,0
2022-08-05 10:00:00,105.5,184.1336775366704,0,0
2022-08-05 11:00:00,107.12,179.3237481592045,0,0
2022-08-05 12:00:00,330.27,158.4791470758694,1,0
2022-08-05 13:00:00,175.05,177.02318517346433,0,0
2022-08-05 14:00:00,327.82,182.30695738918905,1,0
2022-08-05 15:00:00,250.75,183.38253273970477,0,0
2022-08-05 16:00:00,346.27,233.70078025921967,1,0
2022-08-05 17:00:00,449.39,391.50914776838977,1,1
2022-08-05 18:00:00,536.59,395.75900145400766,1,1
2022-08-05 19:00:00,411.17,407.5337657200166,1,1
2022-08-05 20:00:00,421.62,383.54613846151074,1,1
2022-08-05 21:00:00,447.52,361.28444583117215,1,1
2022-08-05 22:00:00,358.48,194.45724392261044,1,0
2022-08-05 23:00:00,236.22,204.28875022156015,0,0
2022-08-06 00:00:00,0.0,88.55638666666664,0,0
2022-08-06 01:00:00,43.74,26.631548981318186,0,0
2022-08-06 02:00:00,34.24,40.68203549726131,0,0
2022-08-06 03:00:00,7.63,41.062100434225535,0,0
2022-08-06 04:00:00,0.0,39.34395623704048,0,0
2022-08-06 05:00:00,69.53999999999999,45.08057247976845,0,0
2022-08-06 06:00:00,111.07,73.52551663893846,0,0
2022-08-06 07:00:00,114.82,213.7349496296297,0,0
2022-08-06 08:00:00,258.48,233.46477827303315,0,0
2022-08-06 09:00:00,148.15,183.73153918479073,0,0
2022-08-06 10:00:00,182.05,170.3472594278976,0,0
2022-08-06 11:00:00,163.05,153.3207259949678,0,0
2022-08-06 12:00:00,92.19,168.29286566952842,0,0
2022-08-06 13:00:00,327.12,157.20742251291276,1,0
2022-08-06 14:00:00,238.55,188.7893131282709,0,0
2022-08-06 15:00:00,295.45,194.75477004632813,1,0
2022-08-06 16:00:00,256.55,240.7659656770227,0,1
2022-08-06 17:00:00,314.72,336.15774356889614,1,1
2022-08-06 18:00:00,444.28000000000003,361.79363897459467,1,1
2022-08-06 19:00:00,514.63,335.874085338798,1,1
2022-08-06 20:00:00,252.70999999999998,378.17185546424986,0,1
2022-08-06 21:00:00,326.73,287.5256074633158,1,1
2022-08-06 22:00:00,262.61,220.57050949259593,0,0
2022-08-06 23:00:00,120.78,152.6781351074829,0,0
2022-08-07 00:00:00,72.16,91.65730476190475,0,0
2022-08-07 01:00:00,20.47,37.48321996536092,0,0
2022-08-07 02:00:00,0.0,26.122245178934516,0,0
2022-08-07 03:00:00,0.0,9.472363042281621,0,0
2022-08-07 04:00:00,9.72,12.939662463397054,0,0
2022-08-07 05:00:00,56.79,62.564929020979086,0,0
2022-08-07 06:00:00,85.63,49.68019243867247,0,0
2022-08-07 07:00:00,82.97,103.7938983164983,0,0
2022-08-07 08:00:00,251.31,170.53522591631992,0,0
2022-08-07 09:00:00,140.31,169.6145407305657,0,0
2022-08-07 10:00:00,108.66,183.1717497990131,0,0
2022-08-07 11:00:00,138.11,132.6891478230885,0,0
2022-08-07 12:00:00,189.37,138.6950898926109,0,0
2022-08-07 13:00:00,408.06,167.85923991252892,1,0
2022-08-07 14:00:00,186.87,187.14143904953508,0,0
2022-08-07 15:00:00,341.45,211.70329647684287,1,0
2022-08-07 16:00:00,264.53000000000003,269.93989119041214,1,1
2022-08-07 17:00:00,430.57,275.1402948242169,1,1
2022-08-07 18:00:00,280.03000000000003,278.7722321299441,1,1
2022-08-07 19:00:00,385.44,307.0690924482778,1,1
2022-08-07 20:00:00,467.94,308.38605255964995,1,1
2022-08-07 21:00:00,745.55,307.6252643761417,1,1
2022-08-07 22:00:00,285.65,202.19822677975327,1,0
2022-08-07 23:00:00,259.65,226.6352292149716,0,0
2022-08-08 00:00:00,0.0,74.82243047619046,0,0
2022-08-08 01:00:00,67.19,38.72654172250829,0,0
2022-08-08 02:00:00,0.0,41.43267977208654,0,0
2022-08-08 03:00:00,0.0,31.021031405057645,0,0
2022-08-08 04:00:00,11.4,40.789069409065284,0,0
2022-08-08 05:00:00,81.81,69.97107186190713,0,0
2022-08-08 06:00:00,45.879999999999995,91.22951541771094,0,0
2022-08-08 07:00:00,141.51,124.21196,0,0
2022-08-08 08:00:00,498.95,235.87084494527215,1,0
2022-08-08 09:00:00,199.94,182.70349354148533,0,0
2022-08-08 10:00:00,163.51,185.4043071256892,0,0
2022-08-08 11:00:00,151.92000000000002,156.97905514112853,0,0
2022-08-08 12:00:00,200.71,184.74669122396338,0,0
2022-08-08 13:00:00,241.07999999999998,209.61316840372177,0,0
2022-08-08 14:00:00,210.34,165.0821352261065,0,0
2022-08-08 15:00:00,196.18,224.866425777551,0,0
2022-08-08 16:00:00,217.44,254.90793739611442,0,1
2022-08-08 17:00:00,299.79,393.0673515442484,1,1
2022-08-08 18:00:00,472.73,417.64419119292666,1,1
2022-08-08 19:00:00,364.5,428.5038252203332,1,1
2022-08-08 20:00:00,379.1,331.4283432734195,1,1
2022-08-08 21:00:00,289.84,328.77535092036527,1,1
2022-08-08 22:00:00,387.18,172.10178323952871,1,0
2022-08-08 23:00:00,154.97,203.9646007580173,0,0
2022-08-09 00:00:00,160.38,85.585338095238,0,0
2022-08-09 01:00:00,23.57,39.38058103067471,0,0
2022-08-09 02:00:00,112.22,16.628027923726172,0,0
2022-08-09 03:00:00,0.0,31.40946446489482,0,0
2022-08-09 04:00:00,0.0,28.804496835130607,0,0
2022-08-09 05:00:00,28.660000000000004,52.2140904761905,0,0
2022-08-09 06:00:00,39.309999999999995,70.18753035486992,0,0
2022-08-09 07:00:00,33.25,177.73249650793662,0,0
2022-08-09 08:00:00,187.39000000000001,217.0823781746032,0,0
2022-08-09 09:00:00,206.84,243.34535252782774,0,1
2022-08-09 10:00:00,149.08,171.73745790668113,0,0
2022-08-09 11:00:00,178.17,153.9557388232704,0,0
2022-08-09 12:00:00,176.81,149.01941619668244,0,0
2022-08-09 13:00:00,180.67000000000002,176.0771859864317,0,0
2022-08-09 14:00:00,83.17,153.409789378387,0,0
2022-08-09 15:00:00,189.70000000000002,175.8981551644782,0,0
2022-08-09 16:00:00,141.92,234.97306358060342,0,0
2022-08-09 17:00:00,512.44,316.36401669815353,1,1
2022-08-09 18:00:00,352.92,369.76477146799834,1,1
2022-08-09 19:00:00,399.52,322.6269949140926,1,1
2022-08-09 20:00:00,268.88,320.3413413850336,1,1
2022-08-09 21:00:00,385.85,286.7089406157385,1,1
2022-08-09 22:00:00,414.33,217.39557837849932,1,0
2022-08-09 23:00:00,128.81,186.21892879905954,0,0
2022-08-10 00:00:00,30.75,95.31734825396826,0,0
2022-08-10 01:00:00,46.230000000000004,37.78879599996929,0,0
2022-08-10 02:00:00,47.9,26.424189316082163,0,0
2022-08-10 03:00:00,6.56,4.943901392650145,0,0
2022-08-10 04:00:00,0.0,6.22980019884096,0,0
2022-08-10 05:00:00,46.72,23.949439444211613,0,0
2022-08-10 06:00:00,130.22,77.07228958265459,0,0
2022-08-10 07:00:00,127.3,159.46219047619064,0,0
2022-08-10 08:00:00,298.09000000000003,255.7417668050469,1,1
2022-08-10 09:00:00,275.26,189.6059810200551,1,0
2022-08-10 10:00:00,120.92,155.81850334262177,0,0
2022-08-10 11:00:00,169.9,152.78145431708566,0,0
2022-08-10 12:00:00,157.14000000000001,184.51358101868246,0,0
2022-08-10 13:00:00,256.57,169.3270658959827,0,0
2022-08-10 14:00:00,299.65,174.84318512193857,1,0
2022-08-10 15:00:00,304.83,163.98816820184038,1,0
2022-08-10 16:00:00,275.90999999999997,218.10893067091183,1,0
2022-08-10 17:00:00,408.78999999999996,414.2750944642962,1,1
2022-08-10 18:00:00,682.08,464.76867300510094,1,1
2022-08-10 19:00:00,468.73,429.36487394230534,1,1
2022-08-10 20:00:00,455.23,401.8072790940694,1,1
2022-08-10 21:00:00,565.61,365.59316117168515,1,1
2022-08-10 22:00:00,527.74,205.38700737138385,1,0
2022-08-10 23:00:00,177.63,163.74890135591195,0,0
2022-08-11 00:00:00,136.60999999999999,84.7683333333333,0,0
2022-08-11 01:00:00,37.16,33.02213480971111,0,0
2022-08-11 02:00:00,0.0,36.424958086516554,0,0
2022-08-11 03:00:00,0.0,39.61862280459096,0,0
2022-08-11 04:00:00,50.010000000000005,43.52321915061809,0,0
2022-08-11 05:00:00,102.38,76.04234696969691,0,0
2022-08-11 06:00:00,79.53,70.11863868686872,0,0
2022-08-11 07:00:00,113.80000000000001,247.70126666666684,0,1
2022-08-11 08:00:00,319.52,293.9424060417841,1,1
2022-08-11 09:00:00,151.79999999999998,193.01605181770407,0,0
2022-08-11 10:00:00,174.60999999999999,155.3441901505692,0,0
2022-08-11 11:00:00,153.37,171.72850343574788,0,0
2022-08-11 12:00:00,246.37,164.09045596784603,0,0
2022-08-11 13:00:00,138.17000000000002,171.76045181642235,0,0
2022-08-11 14:00:00,201.57,196.66366505605896,0,0
2022-08-11 15:00:00,231.34,194.82621795063437,0,0
2022-08-11 16:00:00,396.06,259.1358893175417,1,1
2022-08-11 17:00:00,302.33,408.9907087977736,1,1
2022-08-11 18:00:00,430.14,410.1399326286654,1,1
2022-08-11 19:00:00,370.44,439.64660373972697,1,1
2022-08-11 20:00:00,514.76,371.6634801736156,1,1
2022-08-11 21:00:00,522.46,329.02812208754665,1,1
2022-08-11 22:00:00,227.76999999999998,213.85112898989885,0,0
2022-08-11 23:00:00,78.95,194.57303402071867,0,0
2022-08-12 00:00:00,86.58,73.55884420394418,0,0
2022-08-12 01:00:00,19.69,20.652518344734826,0,0
2022-08-12 02:00:00,22.130000000000003,14.516289396483907,0,0
2022-08-12 03:00:00,0.0,20.009717301966194,0,0
2022-08-12 04:00:00,11.5,18.159204711047618,0,0
2022-08-12 05:00:00,93.17,45.56925600000003,0,0
2022-08-12 06:00:00,109.96000000000001,68.28635667628669,0,0
2022-08-12 07:00:00,252.51,213.87261629629634,0,0
2022-08-12 08:00:00,302.86,295.8668041666669,1,1
2022-08-12 09:00:00,228.21,180.67700261430005,0,0
2022-08-12 10:00:00,99.62,168.05293483441915,0,0
2022-08-12 11:00:00,55.79,168.56696340349947,0,0
2022-08-12 12:00:00,171.3,200.31937887841127,0,0
2022-08-12 13:00:00,314.02,142.77964892963584,1,0
2022-08-12 14:00:00,214.27,183.72515234259464,0,0
2022-08-12 15:00:00,258.81,170.490240683213,0,0
2022-08-12 16:00:00,347.7,241.5638298549422,1,1
2022-08-12 17:00:00,215.19,423.3889900831225,0,1
2022-08-12 18:00:00,345.15000000000003,353.9852008961249,1,1
2022-08-12 19:00:00,606.94,372.34458560519175,1,1
2022-08-12 20:00:00,398.34,426.09165575609427,1,1
2022-08-12 21:00:00,349.3,375.0844020369968,1,1
2022-08-12 22:00:00,298.9,197.2846222305765,1,0
2022-08-12 23:00:00,240.18,177.93018582937248,0,0
2022-08-13 00:00:00,64.39,68.80743166907165,0,0
2022-08-13 01:00:00,20.1,29.656402465644405,0,0
2022-08-13 02:00:00,0.0,37.866333888979796,0,0
2022-08-13 03:00:00,0.0,31.634837119142254,0,0
2022-08-13 04:00:00,22.619999999999997,37.50501463898902,0,0
2022-08-13 05:00:00,73.72,64.98692222222222,0,0
2022-08-13 06:00:00,209.81,86.50272582972582,0,0
2022-08-13 07:00:00,86.68,128.3790666666667,0,0
2022-08-13 08:00:00,150.28,218.58550787439617,0,0
2022-08-13 09:00:00,328.51,169.92206082849106,1,0
2022-08-13 10:00:00,111.63,159.13496763415284,0,0
2022-08-13 11:00:00,284.65999999999997,179.96130675982252,1,0
2022-08-13 12:00:00,272.68,179.4273296751397,1,0
2022-08-13 13:00:00,176.9,204.35186745362122,0,0
2022-08-13 14:00:00,248.93,169.69241764725578,0,0
2022-08-13 15:00:00,190.32,205.2927143982826,0,0
2022-08-13 16:00:00,268.23,236.59281338769864,1,0
2022-08-13 17:00:00,352.29,337.11953781366475,1,1
2022-08-13 18:00:00,462.69,346.0632517940955,1,1
2022-08-13 19:00:00,462.29,354.28776704109475,1,1
2022-08-13 20:00:00,349.84,375.7503694241386,1,1
2022-08-13 21:00:00,371.36,347.4727241651525,1,1
2022-08-13 22:00:00,342.14,200.2270799543565,1,0
2022-08-13 23:00:00,215.49,162.98904248877804,0,0
2022-08-14 00:00:00,44.4,77.85631838624337,0,0
2022-08-14 01:00:00,121.55999999999999,29.911000636940905,0,0
2022-08-14 02:00:00,0.0,37.44738135606053,0,0
2022-08-14 03:00:00,12.07,24.30508724284011,0,0
2022-08-14 04:00:00,0.0,45.24390601269168,0,0
2022-08-14 05:00:00,52.91,71.42501282051279,0,0
2022-08-14 06:00:00,48.67,74.06606152295153,0,0
2022-08-14 07:00:00,68.6,88.46411851851855,0,0
2022-08-14 08:00:00,277.78,188.7841243188406,1,0
2022-08-14 09:00:00,178.32,185.54785022247754,0,0
2022-08-14 10:00:00,289.68,168.71231593381668,1,0
2022-08-14 11:00:00,51.85,187.9768385449837,0,0
2022-08-14 12:00:00,193.67,172.62666189911081,0,0
2022-08-14 13:00:00,211.92000000000002,201.45602273101883,0,0
2022-08-14 14:00:00,324.35,183.49254036057235,1,0
2022-08-14 15:00:00,210.11,181.61490493427948,0,0
2022-08-14 16:00:00,248.56,267.4867934711503,0,1
2022-08-14 17:00:00,486.98,272.6874280528063,1,1
2022-08-14 18:00:00,325.34000000000003,371.1782241483641,1,1
2022-08-14 19:00:00,355.94,304.816309874777,1,1
2022-08-14 20:00:00,470.61,279.7834666780608,1,1
2022-08-14 21:00:00,434.41,327.2895386058079,1,1
2022-08-14 22:00:00,360.85,202.38399628988253,1,0
2022-08-14 23:00:00,55.29,187.5709782083247,0,0
2022-08-15 00:00:00,86.1,66.19555970695973,0,0
2022-08-15 01:00:00,48.58,36.72474970013512,0,0
2022-08-15 02:00:00,46.65,16.987493164047947,0,0
2022-08-15 03:00:00,22.09,18.10875977221995,0,0
2022-08-15 04:00:00,20.46,17.185985200246897,0,0
2022-08-15 05:00:00,27.88,47.479333333333365,0,0
2022-08-15 06:00:00,51.75,87.16996673761427,0,0
2022-08-15 07:00:00,170.94,116.8298066666667,0,0
2022-08-15 08:00:00,207.51999999999998,288.837527878788,0,1
2022-08-15 09:00:00,160.82,198.00460135537645,0,0
2022-08-15 10:00:00,124.97,191.9411471012951,0,0
2022-08-15 11:00:00,80.58,147.66508472171824,0,0
2022-08-15 12:00:00,177.47,167.73530951193703,0,0
2022-08-15 13:00:00,145.46,150.88947727824672,0,0
2022-08-15 14:00:00,294.36,188.44647727004124,1,0
2022-08-15 15:00:00,329.39,203.56716829524882,1,0
2022-08-15 16:00:00,357.07,266.70793961659194,1,1
2022-08-15 17:00:00,359.28000000000003,381.6375591850747,1,1
2022-08-15 18:00:00,532.66,374.05113177337915,1,1
2022-08-15 19:00:00,327.89,415.0200486882536,1,1
2022-08-15 20:00:00,428.45,341.6864031119142,1,1
2022-08-15 21:00:00,249.97,337.3853261855093,0,1
2022-08-15 22:00:00,205.12,219.90500933669512,0,0
2022-08-15 23:00:00,106.47,172.675591691248,0,0
2022-08-16 00:00:00,0.0,81.21514911111106,0,0
2022-08-16 01:00:00,30.32,25.994506856156868,0,0
2022-08-16 02:00:00,18.2,22.9254958188352,0,0
2022-08-16 03:00:00,15.43,7.814570601507794,0,0
2022-08-16 04:00:00,21.6,6.83873707991181,0,0
2022-08-16 05:00:00,47.73,35.547610293983276,0,0
2022-08-16 06:00:00,118.27,81.52583526197962,0,0
2022-08-16 07:00:00,309.18,118.44646666666672,1,0
2022-08-16 08:00:00,233.57,255.2796786408181,0,1
2022-08-16 09:00:00,185.82999999999998,198.9124209128957,0,0
2022-08-16 10:00:00,165.45,151.1913681497619,0,0
2022-08-16 11:00:00,268.15999999999997,167.19436601972663,1,0
2022-08-16 12:00:00,97.93,162.96098193127395,0,0
2022-08-16 13:00:00,121.72,180.05218689794293,0,0
2022-08-16 14:00:00,136.98,181.6990870676005,0,0
2022-08-16 15:00:00,188.51999999999998,198.89511939121303,0,0
2022-08-16 16:00:00,265.44,220.9278430628375,1,0
2022-08-16 17:00:00,331.6,372.01133236773984,1,1
2022-08-16 18:00:00,541.94,378.2348205796944,1,1
2022-08-16 19:00:00,288.32,340.88199944015884,1,1
2022-08-16 20:00:00,305.98,280.44353409897747,1,1
2022-08-16 21:00:00,184.42,252.4439847321054,0,1
2022-08-16 22:00:00,199.2,194.49481592945838,0,0
2022-08-16 23:00:00,104.14,176.53573681070299,0,0
2022-08-17 00:00:00,49.81,91.62846944461528,0,0
2022-08-17 01:00:00,0.0,38.37013662346743,0,0
2022-08-17 02:00:00,0.0,13.207516966943205,0,0
2022-08-17 03:00:00,9.3,10.016876150936692,0,0
2022-08-17 04:00:00,11.5,15.441713553250633,0,0
2022-08-17 05:00:00,15.7,29.58124119450799,0,0
2022-08-17 06:00:00,78.45,94.75816585991002,0,0
2022-08-17 07:00:00,170.38,126.74013739277294,0,0
2022-08-17 08:00:00,142.26,224.07827631798486,0,0
2022-08-17 09:00:00,179.26,166.77696778364597,0,0
2022-08-17 10:00:00,101.94,122.4570386753611,0,0
2022-08-17 11:00:00,206.4,163.3766552659903,0,0
2022-08-17 12:00:00,107.04,147.17307226853598,0,0
2022-08-17 13:00:00,106.36,153.09677708079252,0,0
2022-08-17 14:00:00,212.22,157.7786597831194,0,0
2022-08-17 15:00:00,246.15,160.20484956445512,0,0
2022-08-17 16:00:00,304.29,283.59357250196314,1,1
2022-08-17 17:00:00,480.55,356.983442010097,1,1
2022-08-17 18:00:00,509.07,429.4777677405031,1,1
2022-08-17 19:00:00,322.73,367.0146678142289,1,1
2022-08-17 20:00:00,586.1,328.78447493603534,1,1
2022-08-17 21:00:00,105.61,332.00830466733714,0,1
2022-08-17 22:00:00,190.32000000000002,226.97690955492425,0,0
2022-08-17 23:00:00,10.84,196.03245746143742,0,0
2022-08-18 00:00:00,67.75,71.38786333333333,0,0
2022-08-18 01:00:00,58.43,48.20573303526784,0,0
2022-08-18 02:00:00,0.0,7.039719257748207,0,0
2022-08-18 03:00:00,0.0,7.828028168104013,0,0
2022-08-18 04:00:00,10.299999999999999,10.984753810992723,0,0
2022-08-18 05:00:00,43.62,28.527705491670005,0,0
2022-08-18 06:00:00,106.85000000000001,70.67856454531376,0,0
2022-08-18 07:00:00,226.70999999999998,127.53463502645515,0,0
2022-08-18 08:00:00,175.7,256.1548797881999,0,1
2022-08-18 09:00:00,251.98,186.56307395561493,0,0
2022-08-18 10:00:00,149.76,136.43671520286273,0,0
2022-08-18 11:00:00,256.55,155.53318168013703,0,0
2022-08-18 12:00:00,148.42000000000002,174.14685383652346,0,0
2022-08-18 13:00:00,179.03,168.69832078733722,0,0
2022-08-18 14:00:00,171.6,163.51822098992855,0,0
2022-08-18 15:00:00,120.11,167.0704086955854,0,0
2022-08-18 16:00:00,342.67,252.20545383090982,1,1
2022-08-18 17:00:00,450.41,369.07953171742224,1,1
2022-08-18 18:00:00,492.3,380.9318591051033,1,1
2022-08-18 19:00:00,498.18,351.7746732494692,1,1
2022-08-18 20:00:00,224.69,349.1999484972678,0,1
2022-08-18 21:00:00,386.15,283.7662558628093,1,1
2022-08-18 22:00:00,368.2,188.74670092908218,1,0
2022-08-18 23:00:00,164.04,224.50393153669202,0,0
2022-08-19 00:00:00,48.98,84.99872799182295,0,0
2022-08-19 01:00:00,26.759999999999998,17.91791043187592,0,0
2022-08-19 02:00:00,14.0,13.188696961383117,0,0
2022-08-19 03:00:00,18.7,11.278036934680786,0,0
2022-08-19 04:00:00,0.0,13.03450037007894,0,0
2022-08-19 05:00:00,0.0,64.99873364456892,0,0
2022-08-19 06:00:00,273.03999999999996,87.90178592592589,1,0
2022-08-19 07:00:00,176.96,199.00179047619048,0,0
2022-08-19 08:00:00,362.19,272.62545313131324,1,1
2022-08-19 09:00:00,250.78,187.59271767843728,0,0
2022-08-19 10:00:00,201.06,171.59893378654874,0,0
2022-08-19 11:00:00,226.53,203.48210852727732,0,0
2022-08-19 12:00:00,178.41,160.47094523905344,0,0
2022-08-19 13:00:00,106.84,171.09251597376738,0,0
2022-08-19 14:00:00,93.59,155.5620301006803,0,0
2022-08-19 15:00:00,142.19,168.04673433115693,0,0
2022-08-19 16:00:00,290.69,239.09599174562905,1,1
2022-08-19 17:00:00,194.72,376.4677901997746,0,1
2022-08-19 18:00:00,473.84,305.41548453403885,1,1
2022-08-19 19:00:00,217.03,391.68824609857603,0,1
2022-08-19 20:00:00,312.26,304.3605775845672,1,1
2022-08-19 21:00:00,238.0,287.5692522674002,0,1
2022-08-19 22:00:00,318.72,191.7025253674773,1,0
2022-08-19 23:00:00,113.42,189.20953194960765,0,0
2022-08-20 00:00:00,56.37,93.19070954390467,0,0
2022-08-20 01:00:00,0.0,34.36127826180274,0,0
2022-08-20 02:00:00,0.0,8.73129696993331,0,0
2022-08-20 03:00:00,23.42,9.683400848285078,0,0
2022-08-20 04:00:00,20.8,9.524696345498734,0,0
2022-08-20 05:00:00,54.7,31.624654246864225,0,0
2022-08-20 06:00:00,18.7,103.68140500000005,0,0
2022-08-20 07:00:00,59.46,103.87986666666671,0,0
2022-08-20 08:00:00,308.59000000000003,182.54932709066418,1,0
2022-08-20 09:00:00,171.12,198.50288984346435,0,0
2022-08-20 10:00:00,178.65,143.50524161905125,0,0
2022-08-20 11:00:00,191.13,175.0490447548132,0,0
2022-08-20 12:00:00,170.9,154.14478476499846,0,0
2022-08-20 13:00:00,193.31,157.3886608259426,0,0
2022-08-20 14:00:00,351.34999999999997,139.78375477697202,1,0
2022-08-20 15:00:00,208.04000000000002,200.43263436517003,0,0
2022-08-20 16:00:00,277.49,246.04610373226942,1,1
2022-08-20 17:00:00,227.85,304.9102872555261,0,1
2022-08-20 18:00:00,244.03,320.99208398170794,0,1
2022-08-20 19:00:00,385.45,335.95219015353416,1,1
2022-08-20 20:00:00,394.2,316.3353191838749,1,1
2022-08-20 21:00:00,177.67000000000002,321.6690041016205,0,1
2022-08-20 22:00:00,135.82,203.47565998925114,0,0
2022-08-20 23:00:00,209.54,197.9979406951338,0,0
2022-08-21 00:00:00,41.97,65.3579632344202,0,0
2022-08-21 01:00:00,64.22999999999999,24.12171300300105,0,0
2022-08-21 02:00:00,0.0,20.693711531401767,0,0
2022-08-21 03:00:00,0.0,12.930794977464256,0,0
2022-08-21 04:00:00,49.33,19.56307308150836,0,0
2022-08-21 05:00:00,51.08,28.515606919771066,0,0
2022-08-21 06:00:00,55.34,51.14303168868846,0,0
2022-08-21 07:00:00,53.6,105.82607629629625,0,0
2022-08-21 08:00:00,173.08,179.36654487776312,0,0
2022-08-21 09:00:00,144.64,151.83281085529717,0,0
2022-08-21 10:00:00,158.79,188.4921938179899,0,0
2022-08-21 11:00:00,259.51,149.14146697046507,0,0
2022-08-21 12:00:00,271.15,164.01857390560033,1,0
2022-08-21 13:00:00,260.19,169.83036973753315,0,0
2022-08-21 14:00:00,98.65,226.4219118960615,0,0
2022-08-21 15:00:00,217.98000000000002,162.85992537824035,0,0
2022-08-21 16:00:00,413.3,247.8668742635745,1,1
2022-08-21 17:00:00,114.55000000000001,282.7050797490552,0,1
2022-08-21 18:00:00,397.08,311.0481596838217,1,1
2022-08-21 19:00:00,345.07,335.6987459728253,1,1
2022-08-21 20:00:00,374.58,275.5145521895737,1,1
2022-08-21 21:00:00,286.24,308.723961304,1,1
2022-08-21 22:00:00,458.05,193.8100922177519,1,0
2022-08-21 23:00:00,98.03,157.09473777980705,0,0
2022-08-22 00:00:00,0.0,90.70956992997195,0,0
2022-08-22 01:00:00,42.14,26.359979855058782,0,0
2022-08-22 02:00:00,0.0,13.574594887630635,0,0
2022-08-22 03:00:00,0.0,9.811748131564384,0,0
2022-08-22 04:00:00,0.0,13.179189816228151,0,0
2022-08-22 05:00:00,60.019999999999996,34.451490959651856,0,0
2022-08-22 06:00:00,76.01,57.65663330687832,0,0
2022-08-22 07:00:00,247.84,144.62221333333346,0,0
2022-08-22 08:00:00,234.34,275.6404377686526,0,1
2022-08-22 09:00:00,322.47,202.65162386880704,1,0
2022-08-22 10:00:00,96.9,160.30866487202942,0,0
2022-08-22 11:00:00,232.60999999999999,179.12495542107555,0,0
2022-08-22 12:00:00,301.24,209.74948117827188,1,0
2022-08-22 13:00:00,164.24,190.36389587258986,0,0
2022-08-22 14:00:00,141.4,177.99362911952545,0,0
2022-08-22 15:00:00,126.64,203.61881421085465,0,0
2022-08-22 16:00:00,326.31,236.63625683288734,1,1
2022-08-22 17:00:00,207.53,325.2754383134697,0,1
2022-08-22 18:00:00,425.87,390.48348814117037,1,1
2022-08-22 19:00:00,576.6800000000001,352.8481686323054,1,1
2022-08-22 20:00:00,182.37,344.616378575442,0,1
2022-08-22 21:00:00,399.64,243.7525341759284,1,1
2022-08-22 22:00:00,178.79,225.79680502425495,0,0
2022-08-22 23:00:00,110.63,169.7461705983881,0,0
2022-08-23 00:00:00,162.97,87.95740740740737,0,0
2022-08-23 01:00:00,0.0,35.47214220862641,0,0
2022-08-23 02:00:00,0.0,19.580989007894633,0,0
2022-08-23 03:00:00,0.0,13.280115065702303,0,0
2022-08-23 04:00:00,0.0,14.14213772022046,0,0
2022-08-23 05:00:00,10.79,62.87853116889648,0,0
2022-08-23 06:00:00,56.29,90.9084116029973,0,0
2022-08-23 07:00:00,281.06,173.25977037037043,1,0
2022-08-23 08:00:00,184.96,222.59646644822507,0,0
2022-08-23 09:00:00,185.91,206.3587516172434,0,0
2022-08-23 10:00:00,127.72,131.38987896220178,0,0
2022-08-23 11:00:00,158.44,156.12305571144512,0,0
2022-08-23 12:00:00,115.46,196.69579712726934,0,0
2022-08-23 13:00:00,150.94,145.74665021187278,0,0
2022-08-23 14:00:00,212.45999999999998,147.93728209179608,0,0
2022-08-23 15:00:00,270.0,176.04306141444798,1,0
2022-08-23 16:00:00,299.59000000000003,243.08876548074883,1,1
2022-08-23 17:00:00,388.32,366.57304019834487,1,1
2022-08-23 18:00:00,492.57,373.597738302105,1,1
2022-08-23 19:00:00,308.02,352.93507053241757,1,1
2022-08-23 20:00:00,258.73,291.92766223304335,0,1
2022-08-23 21:00:00,266.15999999999997,282.93245507222974,1,1
2022-08-23 22:00:00,287.33,164.9088752835306,1,0
2022-08-23 23:00:00,157.79,196.88304673225733,0,0
2022-08-24 00:00:00,176.31,84.755601984842,0,0
2022-08-24 01:00:00,43.5,59.09469003641317,0,0
2022-08-24 02:00:00,0.0,14.249408367424921,0,0
2022-08-24 03:00:00,0.0,8.503598188812544,0,0
2022-08-24 04:00:00,0.0,7.736693223385687,0,0
2022-08-24 05:00:00,28.049999999999997,41.896459626872236,0,0
2022-08-24 06:00:00,179.55,77.14244421895725,0,0
2022-08-24 07:00:00,99.53999999999999,199.75936000000002,0,0
2022-08-24 08:00:00,289.69,224.17902651446653,1,0
2022-08-24 09:00:00,323.88,203.24907053487425,1,0
2022-08-24 10:00:00,104.11999999999999,164.01065790050856,0,0
2022-08-24 11:00:00,215.67000000000002,145.3629068604406,0,0
2022-08-24 12:00:00,184.64,188.88911837195892,0,0
2022-08-24 13:00:00,284.91,164.63647046045313,1,0
2022-08-24 14:00:00,183.5,163.6991919872277,0,0
2022-08-24 15:00:00,254.09,186.65031264027465,0,0
2022-08-24 16:00:00,280.82,242.8876244558083,1,1
2022-08-24 17:00:00,350.35,365.7818557467527,1,1
2022-08-24 18:00:00,734.5,399.50839400907114,1,1
2022-08-24 19:00:00,406.71,412.52501263049874,1,1
2022-08-24 20:00:00,251.86,431.97696808792335,0,1
2022-08-24 21:00:00,295.14,339.48780593070626,1,1
2022-08-24 22:00:00,166.44,188.42653722747377,0,0
2022-08-24 23:00:00,0.0,174.76753175730244,0,0
2022-08-25 00:00:00,34.6,103.92727907088121,0,0
2022-08-25 01:00:00,122.22,42.88396491344813,0,0
2022-08-25 02:00:00,0.0,18.956736886672797,0,0
2022-08-25 03:00:00,0.0,14.41032114496326,0,0
2022-08-25 04:00:00,0.0,19.745480545970484,0,0
2022-08-25 05:00:00,18.85,63.08098802167333,0,0
2022-08-25 06:00:00,139.61,85.44248064661842,0,0
2022-08-25 07:00:00,174.06,211.95107407407423,0,0
2022-08-25 08:00:00,361.77,241.8273899719466,1,1
2022-08-25 09:00:00,124.47,178.85913752750903,0,0
2022-08-25 10:00:00,143.1,153.3283297838826,0,0
2022-08-25 11:00:00,152.81,164.96005364611656,0,0
2022-08-25 12:00:00,389.63,171.52642200190587,1,0
2022-08-25 13:00:00,110.25,180.55747449992217,0,0
2022-08-25 14:00:00,164.79,168.55487592112704,0,0
2022-08-25 15:00:00,184.68,204.75793634503194,0,0
2022-08-25 16:00:00,221.74,254.7035428300028,0,1
2022-08-25 17:00:00,313.85,365.9807311289846,1,1
2022-08-25 18:00:00,514.28,406.908334891773,1,1
2022-08-25 19:00:00,479.93,357.0859246324011,1,1
2022-08-25 20:00:00,435.24,312.94821187210715,1,1
2022-08-25 21:00:00,356.5,336.3938679635011,1,1
2022-08-25 22:00:00,101.94,194.14930896999556,0,0
2022-08-25 23:00:00,160.85,182.80549738904872,0,0
2022-08-26 00:00:00,84.53,86.40993825130536,0,0
2022-08-26 01:00:00,53.36,50.10853281760807,0,0
2022-08-26 02:00:00,0.0,13.15486640231658,0,0
2022-08-26 03:00:00,0.0,9.729397321732316,0,0
2022-08-26 04:00:00,0.0,11.404631328358848,0,0
2022-08-26 05:00:00,111.49,60.319496007426025,0,0
2022-08-26 06:00:00,133.07,105.80163888888893,0,0
2022-08-26 07:00:00,177.28,209.29283407407414,0,0
2022-08-26 08:00:00,328.26,280.6111100170941,1,1
2022-08-26 09:00:00,171.69,198.05560611461482,0,0
2022-08-26 10:00:00,144.63,181.02101289815798,0,0
2022-08-26 11:00:00,118.12,187.0373341296984,0,0
2022-08-26 12:00:00,151.47,185.73576225623108,0,0
2022-08-26 13:00:00,84.6,149.30484926837698,0,0
2022-08-26 14:00:00,118.09,150.4242840761091,0,0
2022-08-26 15:00:00,154.47,178.17589112233543,0,0
2022-08-26 16:00:00,279.5,255.5302821474165,1,1
2022-08-26 17:00:00,443.74,291.75709366615945,1,1
2022-08-26 18:00:00,435.35,383.88560673210077,1,1
2022-08-26 19:00:00,517.02,352.4239895953383,1,1
2022-08-26 20:00:00,411.54,330.76047930393855,1,1
2022-08-26 21:00:00,396.24,309.5347381969286,1,1
2022-08-26 22:00:00,327.18,183.3368261376177,1,0
2022-08-26 23:00:00,146.32,210.16219772021626,0,0
2022-08-27 00:00:00,82.99,88.26479696007694,0,0
2022-08-27 01:00:00,33.28,22.066763568010774,0,0
2022-08-27 02:00:00,45.85,14.510451388557616,0,0
2022-08-27 03:00:00,0.0,12.572593649101746,0,0
2022-08-27 04:00:00,11.4,11.822855032940792,0,0
2022-08-27 05:00:00,37.81,48.76581282051288,0,0
2022-08-27 06:00:00,51.41,58.20649118716445,0,0
2022-08-27 07:00:00,118.76,97.11962222222219,0,0
2022-08-27 08:00:00,169.46,211.91085851851864,0,0
2022-08-27 09:00:00,115.89999999999999,180.4158667163642,0,0
2022-08-27 10:00:00,64.16,154.53896097519316,0,0
2022-08-27 11:00:00,139.45,134.9869516253476,0,0
2022-08-27 12:00:00,175.07,139.62478285554943,0,0
2022-08-27 13:00:00,270.19,150.143567737815,1,0
2022-08-27 14:00:00,71.92,190.53248672342895,0,0
2022-08-27 15:00:00,136.81,181.26084618515986,0,0
2022-08-27 16:00:00,248.75,223.07568117006278,0,0
2022-08-27 17:00:00,356.85,290.7774964071799,1,1
2022-08-27 18:00:00,439.21000000000004,293.5219082335745,1,1
2022-08-27 19:00:00,196.07,297.03578155454784,0,1
2022-08-27 20:00:00,457.7,270.68122932158525,1,1
2022-08-27 21:00:00,356.7,289.06115352246127,1,1
2022-08-27 22:00:00,233.08,176.97105343979854,0,0
2022-08-27 23:00:00,45.16,163.88271198246247,0,0
2022-08-28 00:00:00,38.96,62.74396129231308,0,0
2022-08-28 01:00:00,80.42,33.01636161000296,0,0
2022-08-28 02:00:00,24.52,21.82685754323738,0,0
2022-08-28 03:00:00,0.0,14.45407753838815,0,0
2022-08-28 04:00:00,19.9,13.39648356987372,0,0
2022-08-28 05:00:00,9.44,24.42600480029679,0,0
2022-08-28 06:00:00,33.27,60.46301108084213,0,0
2022-08-28 07:00:00,61.32,77.46556253968255,0,0
2022-08-28 08:00:00,146.29000000000002,121.81367685458741,0,0
2022-08-28 09:00:00,120.24000000000001,146.36313495420762,0,0
2022-08-28 10:00:00,116.24000000000001,148.10148629556164,0,0
2022-08-28 11:00:00,105.92,145.86068946028655,0,0
2022-08-28 12:00:00,102.36000000000001,140.16376259874005,0,0
2022-08-28 13:00:00,54.65,141.86380131575348,0,0
2022-08-28 14:00:00,167.19,142.24692772173586,0,0
2022-08-28 15:00:00,176.82,139.1607232369586,0,0
2022-08-28 16:00:00,173.75,240.09298687189153,0,1
2022-08-28 17:00:00,216.57,259.61115427982463,0,1
2022-08-28 18:00:00,295.75,249.23263909675995,1,1
2022-08-28 19:00:00,404.93,300.90916691981755,1,1
2022-08-28 20:00:00,358.23,264.5804029108629,1,1
2022-08-28 21:00:00,163.79,261.61111478182454,0,1
2022-08-28 22:00:00,114.06,175.82542349393847,0,0
2022-08-28 23:00:00,228.62,129.95417097837358,0,0
2022-08-29 00:00:00,60.919999999999995,58.42427940542681,0,0
2022-08-29 01:00:00,26.21,28.34735218327461,0,0
2022-08-29 02:00:00,41.16,10.655639021786527,0,0
2022-08-29 03:00:00,0.0,3.9057077879418,0,0
2022-08-29 04:00:00,0.0,7.162677538468385,0,0
2022-08-29 05:00:00,57.0,24.511007087430503,0,0
2022-08-29 06:00:00,103.27,51.276924173098195,0,0
2022-08-29 07:00:00,108.52,136.85510370370366,0,0
2022-08-29 08:00:00,332.33,233.74774918559234,1,0
2022-08-29 09:00:00,298.14,190.03085740486685,1,0
2022-08-29 10:00:00,227.97,130.56581981223718,0,0
2022-08-29 11:00:00,280.75,156.29551281485485,1,0
2022-08-29 12:00:00,148.34,196.18283648326187,0,0
2022-08-29 13:00:00,116.27,171.96567708606756,0,0
2022-08-29 14:00:00,293.75,164.90745032504148,1,0
2022-08-29 15:00:00,204.5,205.1168536125055,0,0
2022-08-29 16:00:00,250.85999999999999,252.37038979188156,0,1
2022-08-29 17:00:00,528.04,327.66436648336133,1,1
2022-08-29 18:00:00,333.15000000000003,362.968051917274,1,1
2022-08-29 19:00:00,283.85,354.2193239297045,1,1
2022-08-29 20:00:00,383.67,344.16179693354366,1,1
2022-08-29 21:00:00,215.76000000000002,286.8132284601761,0,1
2022-08-29 22:00:00,130.45,162.69782548252797,0,0
2022-08-29 23:00:00,269.72,197.00270507560896,1,0
2022-08-30 00:00:00,65.49000000000001,90.53955150793652,0,0
2022-08-30 01:00:00,0.0,17.896558087491275,0,0
2022-08-30 02:00:00,106.25999999999999,21.30012972105473,0,0
2022-08-30 03:00:00,15.7,22.15832969545599,0,0
2022-08-30 04:00:00,38.17,17.37183388568565,0,0
2022-08-30 05:00:00,34.41,45.19912871794874,0,0
2022-08-30 06:00:00,109.47,75.63386914502165,0,0
2022-08-30 07:00:00,205.01999999999998,231.46660000000017,0,0
2022-08-30 08:00:00,250.23000000000002,271.98196092159685,0,1
2022-08-30 09:00:00,163.64,173.44685762330064,0,0
2022-08-30 10:00:00,101.52,196.6897653403812,0,0
2022-08-30 11:00:00,177.43,172.63424061496258,0,0
2022-08-30 12:00:00,141.22,130.1518774551257,0,0
2022-08-30 13:00:00,179.5,153.53733547066105,0,0
2022-08-30 14:00:00,99.77,170.25279511942145,0,0
2022-08-30 15:00:00,245.32,144.6844986972348,0,0
2022-08-30 16:00:00,234.8,221.21169672337012,0,0
2022-08-30 17:00:00,281.0,368.21902810510363,1,1
2022-08-30 18:00:00,354.6,367.51018650712274,1,1
2022-08-30 19:00:00,391.12,358.8667368431476,1,1
2022-08-30 20:00:00,422.72,332.0242450916989,1,1
2022-08-30 21:00:00,234.46,288.1673581157175,0,1
2022-08-30 22:00:00,93.66999999999999,181.08447120602224,0,0
2022-08-30 23:00:00,75.48,155.84676536480492,0,0
2022-08-31 00:00:00,90.10000000000001,85.45547270413358,0,0
2022-08-31 01:00:00,50.28,37.32125000259152,0,0
2022-08-31 02:00:00,0.0,28.76661449426768,0,0
2022-08-31 03:00:00,0.0,9.178614699396197,0,0
2022-08-31 04:00:00,11.319999999999999,17.50994748589555,0,0
2022-08-31 05:00:00,64.82,21.233855165423165,0,0
2022-08-31 06:00:00,118.87,94.54980025889914,0,0
2022-08-31 07:00:00,10.4,141.75390820105824,0,0
2022-08-31 08:00:00,256.3,224.39945175443955,0,0
2022-08-31 09:00:00,127.16,220.59677636061932,0,0
2022-08-31 10:00:00,54.33,119.87015806684282,0,0
2022-08-31 11:00:00,138.96,118.75706165708822,0,0
2022-08-31 12:00:00,174.48,133.66131765348294,0,0
2022-08-31 13:00:00,237.66,165.64569455729836,0,0
2022-08-31 14:00:00,149.45,162.70695618176958,0,0
2022-08-31 15:00:00,121.64,172.33380213203546,0,0
2022-08-31 16:00:00,371.90999999999997,232.26338841989516,1,0
2022-08-31 17:00:00,234.62,324.78552335187914,0,1
2022-08-31 18:00:00,424.91,369.5622454428209,1,1
2022-08-31 19:00:00,342.28,313.3003649737979,1,1
2022-08-31 20:00:00,466.11,282.64470403112045,1,1
2022-08-31 21:00:00,183.0,273.1494931587782,0,1
2022-08-31 22:00:00,170.56,154.48370831105981,0,0
2022-08-31 23:00:00,279.46999999999997,157.3222991455114,1,0
2022-09-01 00:00:00,77.6,69.28466625659954,0,0
2022-09-01 01:00:00,0.0,22.648855093526432,0,0
2022-09-01 02:00:00,0.0,18.9600063895215,0,0
2022-09-01 03:00:00,14.3,8.091547081044101,0,0
2022-09-01 04:00:00,0.0,20.37991621718618,0,0
2022-09-01 05:00:00,32.8,17.278048619783224,0,0
2022-09-01 06:00:00,102.28,87.01105128470893,0,0
2022-09-01 07:00:00,302.1,156.96018420838442,1,0
2022-09-01 08:00:00,273.39,242.50046950320709,1,1
2022-09-01 09:00:00,221.09,203.05308138279818,0,0
2022-09-01 10:00:00,115.53,150.77449677403982,0,0
2022-09-01 11:00:00,168.32,128.85051740275293,0,0
2022-09-01 12:00:00,401.73,185.71053061795058,1,0
2022-09-01 13:00:00,354.04,190.7361159844653,1,0
2022-09-01 14:00:00,114.91,195.06629746667844,0,0
2022-09-01 15:00:00,159.47,209.10375034804892,0,0
2022-09-01 16:00:00,176.76999999999998,229.70457531464908,0,0
2022-09-01 17:00:00,395.46,330.4726633657704,1,1
2022-09-01 18:00:00,487.49,371.6418283833331,1,1
2022-09-01 19:00:00,535.67,400.33783235695864,1,1
2022-09-01 20:00:00,489.45,421.1402263763414,1,1
2022-09-01 21:00:00,268.41,337.12022265823134,1,1
2022-09-01 22:00:00,150.46,197.84930423926346,0,0
2022-09-01 23:00:00,69.36,174.29274600143228,0,0
2022-09-02 00:00:00,33.24,81.0802335982772,0,0
2022-09-02 01:00:00,0.0,41.228890783234775,0,0
2022-09-02 02:00:00,0.33,13.386398726955855,0,0
2022-09-02 03:00:00,0.0,16.980894708863378,0,0
2022-09-02 04:00:00,0.0,17.55964939095577,0,0
2022-09-02 05:00:00,37.15,56.667113131748444,0,0
2022-09-02 06:00:00,47.1,74.91665546624323,0,0
2022-09-02 07:00:00,45.54,177.28074370370376,0,0
2022-09-02 08:00:00,245.86,244.8138907621084,0,1
2022-09-02 09:00:00,125.48,207.17715659706784,0,0
2022-09-02 10:00:00,84.58000000000001,154.54738867502232,0,0
2022-09-02 11:00:00,82.69,135.99256920626,0,0
2022-09-02 12:00:00,163.19,193.27587429737633,0,0
2022-09-02 13:00:00,66.52,187.65968507216056,0,0
2022-09-02 14:00:00,16.02,153.63663361116642,0,0
2022-09-02 15:00:00,85.26,140.90082588700866,0,0
2022-09-02 16:00:00,187.07,262.04425587542096,0,1
2022-09-02 17:00:00,379.39,341.6363177355527,1,1
2022-09-02 18:00:00,223.65,316.15149103290787,0,1
2022-09-02 19:00:00,296.18,316.07034202144473,1,1
2022-09-02 20:00:00,192.72,283.06456203724025,0,1
2022-09-02 21:00:00,216.03,255.76642647980867,0,1
2022-09-02 22:00:00,108.82,134.37830598503666,0,0
2022-09-02 23:00:00,110.86,129.65930590776574,0,0
2022-09-03 00:00:00,53.03,71.94848992529222,0,0
2022-09-03 01:00:00,50.839999999999996,22.52754299838564,0,0
2022-09-03 02:00:00,25.65,4.007295359397447,0,0
2022-09-03 03:00:00,77.50999999999999,4.9600806281810685,0,0
2022-09-03 04:00:00,0.0,8.433973307310843,0,0
2022-09-03 05:00:00,12.22,33.700434130764975,0,0
2022-09-03 06:00:00,35.55,58.61000079904014,0,0
2022-09-03 07:00:00,80.67,60.00996451178448,0,0
2022-09-03 08:00:00,298.35,151.10094157515252,1,0
2022-09-03 09:00:00,189.2,126.04755827155772,0,0
2022-09-03 10:00:00,143.47,151.5675021577232,0,0
2022-09-03 11:00:00,139.9,124.39095248251586,0,0
2022-09-03 12:00:00,136.54,127.87644153081358,0,0
2022-09-03 13:00:00,111.34,132.6649021570578,0,0
2022-09-03 14:00:00,172.37,127.15766479670297,0,0
2022-09-03 15:00:00,277.43,165.15389802626672,1,0
2022-09-03 16:00:00,277.53000000000003,200.36638010164754,1,0
2022-09-03 17:00:00,380.14,282.0180041301237,1,1
2022-09-03 18:00:00,230.39,293.6595437768328,0,1
2022-09-03 19:00:00,466.69,335.946252782249,1,1
2022-09-03 20:00:00,260.90999999999997,335.7284570255439,0,1
2022-09-03 21:00:00,108.44,260.27559208222596,0,1
2022-09-03 22:00:00,126.38000000000001,182.5457117151429,0,0
2022-09-03 23:00:00,33.7,147.32364168863137,0,0
2022-09-04 00:00:00,9.34,70.05223850280841,0,0
2022-09-04 01:00:00,30.82,41.7631733882449,0,0
2022-09-04 02:00:00,0.0,7.564335302596026,0,0
2022-09-04 03:00:00,31.49,20.23759940277498,0,0
2022-09-04 04:00:00,0.0,7.170111661315207,0,0
2022-09-04 05:00:00,0.0,29.671965192241416,0,0
2022-09-04 06:00:00,8.43,36.83339730602733,0,0
2022-09-04 07:00:00,71.91,59.23177004477001,0,0
2022-09-04 08:00:00,137.6,144.29543828365402,0,0
2022-09-04 09:00:00,138.96,144.1979131116211,0,0
2022-09-04 10:00:00,120.96000000000001,139.1201716302604,0,0
2022-09-04 11:00:00,138.91,138.8794240875869,0,0
2022-09-04 12:00:00,110.94,141.2236972978948,0,0
2022-09-04 13:00:00,126.09,131.15249551740362,0,0
2022-09-04 14:00:00,108.35000000000001,144.41186643191585,0,0
2022-09-04 15:00:00,170.1,164.07193588314252,0,0
2022-09-04 16:00:00,213.04,211.87225513754584,0,0
2022-09-04 17:00:00,251.74,233.7329440841909,0,0
2022-09-04 18:00:00,72.66,273.96768193623944,0,1
2022-09-04 19:00:00,277.07,230.3055355504023,1,0
2022-09-04 20:00:00,261.2,220.55181867996725,0,0
2022-09-04 21:00:00,81.64,207.95170266659383,0,0
2022-09-04 22:00:00,63.04,117.76969091734624,0,0
2022-09-04 23:00:00,0.0,122.24092255135396,0,0
2022-09-05 00:00:00,39.92,51.991985226603475,0,0
2022-09-05 01:00:00,0.0,43.7806415149393,0,0
2022-09-05 02:00:00,0.0,5.58672179363201,0,0
2022-09-05 03:00:00,22.3,7.975592764186989,0,0
2022-09-05 04:00:00,0.0,6.304576690992888,0,0
2022-09-05 05:00:00,0.0,30.56974582164441,0,0
2022-09-05 06:00:00,17.9,40.43139962481961,0,0
2022-09-05 07:00:00,28.9,86.82212185185186,0,0
2022-09-05 08:00:00,72.9,176.57083871905877,0,0
2022-09-05 09:00:00,54.25,124.95349300906481,0,0
2022-09-05 10:00:00,43.7,87.84442859402533,0,0
2022-09-05 11:00:00,120.15,102.82720840550677,0,0
2022-09-05 12:00:00,99.17999999999999,77.76137247331425,0,0
2022-09-05 13:00:00,23.0,93.44997193806383,0,0
2022-09-05 14:00:00,36.42,119.45979781542529,0,0
2022-09-05 15:00:00,21.05,121.22825048593867,0,0
2022-09-05 16:00:00,75.26,229.38387425511206,0,0
2022-09-05 17:00:00,42.699999999999996,258.51955825708063,0,1
2022-09-05 18:00:00,10.98,218.4369957911766,0,0
2022-09-05 19:00:00,0.18,242.83182888186653,0,1
2022-09-05 20:00:00,10.83,258.71192640901774,0,1
2022-09-05 21:00:00,0.0,249.6540033816425,0,1
2022-09-05 22:00:00,0.0,136.4932493506494,0,0
2022-09-05 23:00:00,0.0,104.93639047619048,0,0
2022-09-06 00:00:00,0.0,34.415269629629606,0,0
2022-09-06 01:00:00,0.0,56.20699027777777,0,0
2022-09-06 02:00:00,10.5,37.281208978480315,0,0
2022-09-06 03:00:00,0.0,37.156200592657314,0,0
2022-09-06 04:00:00,0.0,39.86490068472819,0,0
2022-09-06 05:00:00,0.0,26.818820937873873,0,0
2022-09-06 06:00:00,110.58,36.302617777777776,0,0
2022-09-06 07:00:00,166.35,121.78439999999998,0,0
2022-09-06 08:00:00,159.84,210.72582353874904,0,0
2022-09-06 09:00:00,129.58,106.9083692530362,0,0
2022-09-06 10:00:00,193.9,69.51536292324467,0,0
2022-09-06 11:00:00,224.06,108.08730327602566,0,0
2022-09-06 12:00:00,193.39000000000001,97.24732843289196,0,0
2022-09-06 13:00:00,152.0,130.48223764781716,0,0
2022-09-06 14:00:00,348.77,104.25921471491141,1,0
2022-09-06 15:00:00,281.63,180.13714465080687,1,0
2022-09-06 16:00:00,235.35,216.3834036089779,0,0
2022-09-06 17:00:00,485.92,216.06553139279103,1,0
2022-09-06 18:00:00,209.06,266.31710344949914,0,1
2022-09-06 19:00:00,365.63,323.5687929254516,1,1
2022-09-06 20:00:00,475.45,370.0778065429364,1,1
2022-09-06 21:00:00,116.28999999999999,293.2171291871356,0,1
2022-09-06 22:00:00,123.16999999999999,179.4028583347715,0,0
2022-09-06 23:00:00,109.8,177.12026262092726,0,0
2022-09-07 00:00:00,75.1,79.17012343209872,0,0
2022-09-07 01:00:00,21.979999999999997,43.372007527306586,0,0
2022-09-07 02:00:00,14.0,12.290192181526006,0,0
2022-09-07 03:00:00,0.0,5.978578437041516,0,0
2022-09-07 04:00:00,0.0,6.918276217413411,0,0
2022-09-07 05:00:00,15.77,37.82604071874407,0,0
2022-09-07 06:00:00,58.62,94.99608883953653,0,0
2022-09-07 07:00:00,179.92,119.17562902837902,0,0
2022-09-07 08:00:00,398.79,228.6532817682297,1,0
2022-09-07 09:00:00,131.95,195.73301972691706,0,0
2022-09-07 10:00:00,97.97,152.10534760010484,0,0
2022-09-07 11:00:00,105.78999999999999,194.66661449699106,0,0
2022-09-07 12:00:00,160.85999999999999,162.89863568996245,0,0
2022-09-07 13:00:00,121.14999999999999,148.88209084678377,0,0
2022-09-07 14:00:00,109.62,182.70779244634468,0,0
2022-09-07 15:00:00,151.54999999999998,163.73176070707262,0,0
2022-09-07 16:00:00,273.05,217.34938118234948,1,0
2022-09-07 17:00:00,331.52,292.7994293534197,1,1
2022-09-07 18:00:00,415.03,343.16945097137494,1,1
2022-09-07 19:00:00,271.05,307.292483535714,1,1
2022-09-07 20:00:00,297.85,285.4235842567726,1,1
2022-09-07 21:00:00,353.88,260.2393968736463,1,1
2022-09-07 22:00:00,249.19,167.20279936281713,0,0
2022-09-07 23:00:00,22.139999999999997,167.0108778785676,0,0
2022-09-08 00:00:00,75.17999999999999,58.42984048021968,0,0
2022-09-08 01:00:00,26.94,36.9552357491738,0,0
2022-09-08 02:00:00,0.0,16.96095957972012,0,0
2022-09-08 03:00:00,0.0,6.803496957251767,0,0
2022-09-08 04:00:00,0.0,9.231356542107324,0,0
2022-09-08 05:00:00,53.6,24.471240968891326,0,0
2022-09-08 06:00:00,37.519999999999996,66.78276114940789,0,0
2022-09-08 07:00:00,192.87,173.8914940958607,0,0
2022-09-08 08:00:00,262.46,224.5756941873595,0,0
2022-09-08 09:00:00,184.48,167.49255822382648,0,0
2022-09-08 10:00:00,127.2,117.12123268732428,0,0
2022-09-08 11:00:00,143.78,112.47161470236104,0,0
2022-09-08 12:00:00,246.87,181.07618729301112,0,0
2022-09-08 13:00:00,121.28999999999999,168.930364208314,0,0
2022-09-08 14:00:00,209.49,144.53157152695485,0,0
2022-09-08 15:00:00,252.4,194.1276668426042,0,0
2022-09-08 16:00:00,286.78000000000003,258.89792636042216,1,1
2022-09-08 17:00:00,339.46,344.77401498033333,1,1
2022-09-08 18:00:00,327.31,382.70906392211447,1,1
2022-09-08 19:00:00,423.87,357.7869013495545,1,1
2022-09-08 20:00:00,425.13,337.4142754768778,1,1
2022-09-08 21:00:00,386.87,309.04843391674916,1,1
2022-09-08 22:00:00,142.57,188.21340650606285,0,0
2022-09-08 23:00:00,139.81,179.87121117478696,0,0
2022-09-09 00:00:00,181.39999999999998,87.47831454829405,0,0
2022-09-09 01:00:00,50.2,64.25637291178406,0,0
2022-09-09 02:00:00,0.0,20.683959961718994,0,0
2022-09-09 03:00:00,0.0,12.885096666113443,0,0
2022-09-09 04:00:00,0.0,12.045115733145854,0,0
2022-09-09 05:00:00,23.3,52.48916314394872,0,0
2022-09-09 06:00:00,141.87,63.73676638122556,0,0
2022-09-09 07:00:00,143.64000000000001,112.49982222222219,0,0
2022-09-09 08:00:00,103.37,240.40359551427056,0,1
2022-09-09 09:00:00,250.09,187.292498970177,0,0
2022-09-09 10:00:00,267.2,142.49468401044734,1,0
2022-09-09 11:00:00,156.25,146.54755435699315,0,0
2022-09-09 12:00:00,302.48,185.32716773537965,1,0
2022-09-09 13:00:00,103.81,152.41049511983869,0,0
2022-09-09 14:00:00,81.19,177.75408545819906,0,0
2022-09-09 15:00:00,263.37,193.54778854428565,0,0
2022-09-09 16:00:00,226.54000000000002,245.40434321485887,0,1
2022-09-09 17:00:00,284.03000000000003,346.3702943404124,1,1
2022-09-09 18:00:00,444.98,311.117369357745,1,1
2022-09-09 19:00:00,284.8,347.329296182579,1,1
2022-09-09 20:00:00,256.78,290.8622253260267,0,1
2022-09-09 21:00:00,224.83,265.5132944042065,0,1
2022-09-09 22:00:00,114.64,177.33857401245385,0,0
2022-09-09 23:00:00,84.97,162.31696111874072,0,0
2022-09-10 00:00:00,35.75,101.13719160862127,0,0
2022-09-10 01:00:00,10.54,39.83997875015841,0,0
2022-09-10 02:00:00,58.0,6.310400430975109,0,0
2022-09-10 03:00:00,23.22,11.150439764428798,0,0
2022-09-10 04:00:00,1.79,7.2367732891181396,0,0
2022-09-10 05:00:00,52.24,23.16330519763078,0,0
2022-09-10 06:00:00,81.15,73.09547534604884,0,0
2022-09-10 07:00:00,150.31,103.19100997150996,0,0
2022-09-10 08:00:00,48.269999999999996,249.03807579161594,0,1
2022-09-10 09:00:00,0.0,151.5247998596249,0,0
2022-09-10 10:00:00,108.37,154.33574637824228,0,0
2022-09-10 11:00:00,78.27,138.19743698653494,0,0
2022-09-10 12:00:00,219.85999999999999,151.06501999601022,0,0
2022-09-10 13:00:00,155.88,145.59054950396384,0,0
2022-09-10 14:00:00,124.24,170.99985709578488,0,0
2022-09-10 15:00:00,201.26,157.76594645472662,0,0
2022-09-10 16:00:00,275.2,187.7535745239164,1,0
2022-09-10 17:00:00,258.02,280.94794440837563,0,1
2022-09-10 18:00:00,277.52,273.7363773943253,1,1
2022-09-10 19:00:00,171.12,263.592023975092,0,1
2022-09-10 20:00:00,239.98999999999998,244.5274797773098,0,1
2022-09-10 21:00:00,438.31,217.159497872721,1,0
2022-09-10 22:00:00,37.15,155.84732362691568,0,0
2022-09-10 23:00:00,52.04,166.47266632190846,0,0
2022-09-11 00:00:00,93.93,73.88790313417196,0,0
2022-09-11 01:00:00,67.0,29.216584055346143,0,0
2022-09-11 02:00:00,0.0,14.122733324748161,0,0
2022-09-11 03:00:00,0.0,10.642682624374219,0,0
2022-09-11 04:00:00,0.0,5.563667542657201,0,0
2022-09-11 05:00:00,18.82,18.315333525193317,0,0
2022-09-11 06:00:00,67.64999999999999,38.28200628266201,0,0
2022-09-11 07:00:00,92.49,63.957168253968256,0,0
2022-09-11 08:00:00,169.34,111.95418634144495,0,0
2022-09-11 09:00:00,157.03,154.95360201593732,0,0
2022-09-11 10:00:00,142.91,149.7284111528886,0,0
2022-09-11 11:00:00,100.28,117.00240980812912,0,0
2022-09-11 12:00:00,145.2,167.21315802684353,0,0
2022-09-11 13:00:00,186.38,141.44130870841246,0,0
2022-09-11 14:00:00,235.02,154.20779405047222,0,0
2022-09-11 15:00:00,186.39,189.82324211395309,0,0
2022-09-11 16:00:00,324.49,257.88748499506016,1,1
2022-09-11 17:00:00,210.3,264.4998450119671,0,1
2022-09-11 18:00:00,356.15,248.616872559233,1,1
2022-09-11 19:00:00,359.76,301.568634224047,1,1
2022-09-11 20:00:00,248.91,299.62770607614203,0,1
2022-09-11 21:00:00,92.0,264.3167354168821,0,1
2022-09-11 22:00:00,112.03999999999999,160.6206146560408,0,0
2022-09-11 23:00:00,50.39,134.35411330847165,0,0
2022-09-12 00:00:00,10.1,57.99052378892815,0,0
2022-09-12 01:00:00,142.37,31.84786344278947,0,0
2022-09-12 02:00:00,0.0,11.626872176161726,0,0
2022-09-12 03:00:00,0.0,11.869826362473564,0,0
2022-09-12 04:00:00,35.4,5.665106555690115,0,0
2022-09-12 05:00:00,36.6,22.371274911270557,0,0
2022-09-12 06:00:00,63.55,60.56446364619078,0,0
2022-09-12 07:00:00,57.790000000000006,110.99097777777773,0,0
2022-09-12 08:00:00,264.9,193.0196515110822,1,0
2022-09-12 09:00:00,183.91,176.9781471531307,0,0
2022-09-12 10:00:00,206.91,135.03938282341426,0,0
2022-09-12 11:00:00,207.22,115.80045453605388,0,0
2022-09-12 12:00:00,164.06,149.51448061519866,0,0
2022-09-12 13:00:00,227.59,174.51024059371295,0,0
2022-09-12 14:00:00,165.89,178.96593573747438,0,0
2022-09-12 15:00:00,124.51,178.56255868697602,0,0
2022-09-12 16:00:00,173.9,224.13835123062387,0,0
2022-09-12 17:00:00,269.8,266.2529022583406,1,1
2022-09-12 18:00:00,377.95,283.633153828315,1,1
2022-09-12 19:00:00,303.89,293.36677593118077,1,1
2022-09-12 20:00:00,481.07,256.044931915387,1,1
2022-09-12 21:00:00,256.27,225.4792762207183,0,0
2022-09-12 22:00:00,85.37,173.7389769813579,0,0
2022-09-12 23:00:00,47.11,144.95379546169798,0,0
2022-09-13 00:00:00,21.6,45.43348429195644,0,0
2022-09-13 01:00:00,53.74,31.64483912628794,0,0
2022-09-13 02:00:00,11.1,5.754706610733892,0,0
2022-09-13 03:00:00,0.0,7.225821128401353,0,0
2022-09-13 04:00:00,0.0,12.163929525452597,0,0
2022-09-13 05:00:00,0.0,22.788142664648344,0,0
2022-09-13 06:00:00,123.12,66.66814710020869,0,0
2022-09-13 07:00:00,153.62,159.22794188034194,0,0
2022-09-13 08:00:00,160.71,216.30225789584986,0,0
2022-09-13 09:00:00,198.42000000000002,182.05781556482998,0,0
2022-09-13 10:00:00,132.03,157.54586226390944,0,0
2022-09-13 11:00:00,125.22999999999999,131.68655394226505,0,0
2022-09-13 12:00:00,166.96,130.27100708568426,0,0
2022-09-13 13:00:00,176.07,159.55480591251705,0,0
2022-09-13 14:00:00,203.82,173.55272279450696,0,0
2022-09-13 15:00:00,146.47,151.29822411723606,0,0
2022-09-13 16:00:00,123.11,255.41371231833327,0,1
2022-09-13 17:00:00,461.11,323.2322891743546,1,1
2022-09-13 18:00:00,296.13,375.42026695207863,1,1
2022-09-13 19:00:00,217.05,334.24220638692236,0,1
2022-09-13 20:00:00,270.15,324.07570354035056,1,1
2022-09-13 21:00:00,175.46,252.15148763400953,0,1
2022-09-13 22:00:00,107.77,144.85833094773548,0,0
2022-09-13 23:00:00,73.33,148.77120702261684,0,0
2022-09-14 00:00:00,137.22,47.43039605763606,0,0
2022-09-14 01:00:00,45.37,29.199857228300857,0,0
2022-09-14 02:00:00,0.0,7.73857882615152,0,0
2022-09-14 03:00:00,0.0,5.9020934969853265,0,0
2022-09-14 04:00:00,21.4,5.452401330671915,0,0
2022-09-14 05:00:00,4.96,20.332181416976496,0,0
2022-09-14 06:00:00,108.03999999999999,82.59827248800319,0,0
2022-09-14 07:00:00,111.73,141.62683333333328,0,0
2022-09-14 08:00:00,311.21999999999997,221.67435329365114,1,0
2022-09-14 09:00:00,244.97,166.48519055139766,0,0
2022-09-14 10:00:00,271.88,138.41251495596424,1,0
2022-09-14 11:00:00,82.39,148.04374544906875,0,0
2022-09-14 12:00:00,84.62,167.7676527728902,0,0
2022-09-14 13:00:00,178.79,171.6625889308977,0,0
2022-09-14 14:00:00,245.07000000000002,177.27043445532502,0,0
2022-09-14 15:00:00,40.650000000000006,195.44660128350452,0,0
2022-09-14 16:00:00,245.34,192.47354898236333,0,0
2022-09-14 17:00:00,275.12,331.5300363872517,1,1
2022-09-14 18:00:00,400.61,339.17599064227346,1,1
2022-09-14 19:00:00,292.15,335.9429930912668,1,1
2022-09-14 20:00:00,496.12,294.3892724138335,1,1
2022-09-14 21:00:00,277.32,276.3810268885279,1,1
2022-09-14 22:00:00,146.87,196.5034500328982,0,0
2022-09-14 23:00:00,0.0,154.47573743932975,0,0
2022-09-15 00:00:00,33.9,61.313019367937095,0,0
2022-09-15 01:00:00,29.39,48.747593851594395,0,0
2022-09-15 02:00:00,0.0,8.707213568664228,0,0
2022-09-15 03:00:00,30.01,8.87935996901622,0,0
2022-09-15 04:00:00,0.0,13.374928143923041,0,0
2022-09-15 05:00:00,0.0,40.10205402697608,0,0
2022-09-15 06:00:00,94.37,84.31995292884665,0,0
2022-09-15 07:00:00,190.72,164.99759299959317,0,0
2022-09-15 08:00:00,108.56,203.58886808625542,0,0
2022-09-15 09:00:00,172.54999999999998,161.47528287083068,0,0
2022-09-15 10:00:00,124.33,170.01308787595607,0,0
2022-09-15 11:00:00,156.42000000000002,126.83493528920056,0,0
2022-09-15 12:00:00,274.76,134.30587361707015,1,0
2022-09-15 13:00:00,176.84,160.63152961983187,0,0
2022-09-15 14:00:00,242.44,181.62429788730938,0,0
2022-09-15 15:00:00,154.63,173.94219065515946,0,0
2022-09-15 16:00:00,244.24,247.99148335802033,0,1
2022-09-15 17:00:00,395.26,343.7615690805525,1,1
2022-09-15 18:00:00,344.0,365.08605135587766,1,1
2022-09-15 19:00:00,261.72,332.3914476539704,0,1
2022-09-15 20:00:00,431.9,333.2385129388116,1,1
2022-09-15 21:00:00,392.3,290.9884857439323,1,1
2022-09-15 22:00:00,180.88,177.80654891828843,0,0
2022-09-15 23:00:00,69.06,195.98444490996937,0,0
2022-09-16 00:00:00,60.39,93.4118620184453,0,0
2022-09-16 01:00:00,0.0,39.95620783019271,0,0
2022-09-16 02:00:00,25.74,6.362619943709727,0,0
2022-09-16 03:00:00,0.0,12.053751765795724,0,0
2022-09-16 04:00:00,0.0,7.801715235551651,0,0
2022-09-16 05:00:00,70.83,28.783501342584497,0,0
2022-09-16 06:00:00,61.89,77.38296677396679,0,0
2022-09-16 07:00:00,211.88,150.7535314814816,0,0
2022-09-16 08:00:00,254.01,207.45584834448928,0,0
2022-09-16 09:00:00,135.74,185.31233566598502,0,0
2022-09-16 10:00:00,130.71,148.21416633392914,0,0
2022-09-16 11:00:00,126.73000000000002,124.81848083990488,0,0
2022-09-16 12:00:00,117.27,177.48817912328064,0,0
2022-09-16 13:00:00,130.81,158.29024213611186,0,0
2022-09-16 14:00:00,40.87,181.2641244313325,0,0
2022-09-16 15:00:00,181.9,145.38505522891327,0,0
2022-09-16 16:00:00,274.96999999999997,270.9997044792427,1,1
2022-09-16 17:00:00,447.43,330.4771670436735,1,1
2022-09-16 18:00:00,317.3,347.1835011020096,1,1
2022-09-16 19:00:00,474.75,334.77873547697897,1,1
2022-09-16 20:00:00,269.15,333.0479123619971,1,1
2022-09-16 21:00:00,338.55,234.3930883164595,1,0
2022-09-16 22:00:00,161.29,181.62491758886813,0,0
2022-09-16 23:00:00,100.28,152.871762687625,0,0
2022-09-17 00:00:00,58.16,81.69400131955237,0,0
2022-09-17 01:00:00,32.260000000000005,42.88077895821469,0,0
2022-09-17 02:00:00,0.0,12.361155476615714,0,0
2022-09-17 03:00:00,0.0,6.751168591847305,0,0
2022-09-17 04:00:00,88.62,12.874970794675354,0,0
2022-09-17 05:00:00,0.0,22.334288388378695,0,0
2022-09-17 06:00:00,119.2,58.557081471809745,0,0
2022-09-17 07:00:00,164.26,178.56315213675217,0,0
2022-09-17 08:00:00,322.29,186.82869758440563,1,0
2022-09-17 09:00:00,114.44000000000001,169.50798389829555,0,0
2022-09-17 10:00:00,261.38,139.60200967375334,0,0
2022-09-17 11:00:00,169.55,145.23029244221917,0,0
2022-09-17 12:00:00,119.13,175.26021772538698,0,0
2022-09-17 13:00:00,248.47,140.81960201251488,0,0
2022-09-17 14:00:00,423.65999999999997,163.46038066676036,1,0
2022-09-17 15:00:00,424.67,206.9683219661021,1,0
2022-09-17 16:00:00,159.95,276.1224157054172,0,1
2022-09-17 17:00:00,285.71,307.45407350465644,1,1
2022-09-17 18:00:00,363.95,328.0414066228456,1,1
2022-09-17 19:00:00,446.46,304.6577800417444,1,1
2022-09-17 20:00:00,129.34,321.69773196470976,0,1
2022-09-17 21:00:00,255.2,288.55542234840294,0,1
2022-09-17 22:00:00,49.4,198.2861429248449,0,0
2022-09-17 23:00:00,86.22,171.05363895773237,0,0
2022-09-18 00:00:00,61.46,72.66212254525759,0,0
2022-09-18 01:00:00,0.0,38.75269922180101,0,0
2022-09-18 02:00:00,0.0,9.20771055093371,0,0
2022-09-18 03:00:00,0.0,9.089861199854107,0,0
2022-09-18 04:00:00,19.17,52.50969234771598,0,0
2022-09-18 05:00:00,14.25,38.93355084174174,0,0
2022-09-18 06:00:00,116.44,76.8521096581624,0,0
2022-09-18 07:00:00,177.2,127.73941314009659,0,0
2022-09-18 08:00:00,46.32,187.13699115766855,0,0
2022-09-18 09:00:00,98.47,150.0744106593539,0,0
2022-09-18 10:00:00,183.15,148.501988162601,0,0
2022-09-18 11:00:00,93.06,151.60517001263258,0,0
2022-09-18 12:00:00,233.64,157.7244541972587,0,0
2022-09-18 13:00:00,266.12,173.54959175232116,1,0
2022-09-18 14:00:00,184.88,177.79289686729123,0,0
2022-09-18 15:00:00,146.96,213.9664449044458,0,0
2022-09-18 16:00:00,378.86,199.2615170554521,1,0
2022-09-18 17:00:00,260.25,309.68799101405983,0,1
2022-09-18 18:00:00,281.44,258.99979459118435,1,1
2022-09-18 19:00:00,257.62,260.8365961944185,0,1
2022-09-18 20:00:00,193.28,282.8320843078357,0,1
2022-09-18 21:00:00,200.74,241.4424753718793,0,1
2022-09-18 22:00:00,115.39,141.75369269372064,0,0
2022-09-18 23:00:00,52.89,147.77882861599102,0,0
2022-09-19 00:00:00,56.45,52.285598744742494,0,0
2022-09-19 01:00:00,40.4,27.40646049511812,0,0
2022-09-19 02:00:00,23.1,5.572466055675103,0,0
2022-09-19 03:00:00,0.0,4.133683583485231,0,0
2022-09-19 04:00:00,0.0,8.003585905859236,0,0
2022-09-19 05:00:00,3.83,22.33272365617023,0,0
2022-09-19 06:00:00,100.94,71.85043091269841,0,0
2022-09-19 07:00:00,167.14,109.8571666666666,0,0
2022-09-19 08:00:00,329.95,250.42613648148165,1,1
2022-09-19 09:00:00,225.69,208.18032190482535,0,0
2022-09-19 10:00:00,155.57,160.80764803843596,0,0
2022-09-19 11:00:00,169.1,150.81858325231806,0,0
2022-09-19 12:00:00,116.03,173.73426420341843,0,0
2022-09-19 13:00:00,53.43,152.30876682831476,0,0
2022-09-19 14:00:00,135.22,190.95350314825328,0,0
2022-09-19 15:00:00,217.53,164.693492295062,0,0
2022-09-19 16:00:00,216.05,206.38186752039243,0,0
2022-09-19 17:00:00,358.89,304.9465378509805,1,1
2022-09-19 18:00:00,342.6,334.5176192224397,1,1
2022-09-19 19:00:00,398.67,287.63835476671716,1,1
2022-09-19 20:00:00,363.6,307.76137328123065,1,1
2022-09-19 21:00:00,140.35,266.93469084746243,0,1
2022-09-19 22:00:00,74.8,159.72219466343648,0,0
2022-09-19 23:00:00,27.19,139.76362346437287,0,0
2022-09-20 00:00:00,87.25999999999999,31.12494098571909,0,0
2022-09-20 01:00:00,0.0,32.75023946925973,0,0
2022-09-20 02:00:00,0.0,19.429197548426988,0,0
2022-09-20 03:00:00,44.11,5.92061640664361,0,0
2022-09-20 04:00:00,0.0,12.643123852123882,0,0
2022-09-20 05:00:00,16.19,30.728367452880732,0,0
2022-09-20 06:00:00,4.4,91.0916594442329,0,0
2022-09-20 07:00:00,206.99,120.85535696895698,0,0
2022-09-20 08:00:00,142.52,215.5663013909937,0,0
2022-09-20 09:00:00,193.76999999999998,169.75914391688517,0,0
2022-09-20 10:00:00,211.85999999999999,114.55910690087039,0,0
2022-09-20 11:00:00,139.17000000000002,149.36373033633186,0,0
2022-09-20 12:00:00,120.61,141.24691343206783,0,0
2022-09-20 13:00:00,202.78,124.17849925632291,0,0
2022-09-20 14:00:00,216.35,158.04064996804706,0,0
2022-09-20 15:00:00,112.5,201.23369552762702,0,0
2022-09-20 16:00:00,352.89,249.40116591686999,1,1
2022-09-20 17:00:00,266.26,353.46207686467477,1,1
2022-09-20 18:00:00,446.07,331.4627885063921,1,1
2022-09-20 19:00:00,249.62,326.26516947867765,0,1
2022-09-20 20:00:00,383.28,272.0470875219701,1,1
2022-09-20 21:00:00,359.89,247.97242269278595,1,1
2022-09-20 22:00:00,106.62,180.52422031376676,0,0
2022-09-20 23:00:00,107.04,164.48180494872648,0,0
2022-09-21 00:00:00,136.73,47.60339417980467,0,0
2022-09-21 01:00:00,61.79,43.51466492093685,0,0
2022-09-21 02:00:00,0.0,11.377482187815335,0,0
2022-09-21 03:00:00,0.0,13.077264592293597,0,0
2022-09-21 04:00:00,0.0,7.612178686077407,0,0
2022-09-21 05:00:00,11.239999999999998,20.413118975529734,0,0
2022-09-21 06:00:00,87.7,67.18135337383197,0,0
2022-09-21 07:00:00,92.32000000000001,121.9706276959882,0,0
2022-09-21 08:00:00,236.29,302.70745541615787,0,1
2022-09-21 09:00:00,82.01,172.49830498690238,0,0
2022-09-21 10:00:00,90.21,137.64218827337763,0,0
2022-09-21 11:00:00,86.24,129.25046994537246,0,0
2022-09-21 12:00:00,88.43,140.88872657817623,0,0
2022-09-21 13:00:00,166.44,162.40562990556157,0,0
2022-09-21 14:00:00,86.95,156.15294799993427,0,0
2022-09-21 15:00:00,164.28,162.80659095556783,0,0
2022-09-21 16:00:00,366.59,234.42660256716516,1,0
2022-09-21 17:00:00,366.07,331.08870428020896,1,1
2022-09-21 18:00:00,619.71,321.4739125860117,1,1
2022-09-21 19:00:00,394.93,327.6823236569833,1,1
2022-09-21 20:00:00,353.03000000000003,316.3567260016347,1,1
2022-09-21 21:00:00,360.40999999999997,257.09201071431715,1,1
2022-09-21 22:00:00,164.99,180.75558158721995,0,0
2022-09-21 23:00:00,73.72,141.80374792954387,0,0
2022-09-22 00:00:00,67.56,65.49782645303611,0,0
2022-09-22 01:00:00,86.35000000000001,26.455672043029423,0,0
2022-09-22 02:00:00,36.79,12.165106482043752,0,0
2022-09-22 03:00:00,0.0,10.426568551200827,0,0
2022-09-22 04:00:00,0.0,7.861066353864327,0,0
2022-09-22 05:00:00,23.89,26.565114719953176,0,0
2022-09-22 06:00:00,72.14999999999999,78.40336593274519,0,0
2022-09-22 07:00:00,243.54,153.62249899470913,0,0
2022-09-22 08:00:00,245.76999999999998,235.94398444586355,0,0
2022-09-22 09:00:00,177.69,179.36078889399198,0,0
2022-09-22 10:00:00,187.1,132.74735674659615,0,0
2022-09-22 11:00:00,125.57000000000001,124.2186214333931,0,0
2022-09-22 12:00:00,205.67,139.43353864057636,0,0
2022-09-22 13:00:00,346.58,152.13613425712023,1,0
2022-09-22 14:00:00,202.45000000000002,176.77012256419843,0,0
2022-09-22 15:00:00,120.8,202.78082827357446,0,0
2022-09-22 16:00:00,265.5,238.42958127516332,1,1
2022-09-22 17:00:00,295.31,360.00775462275175,1,1
2022-09-22 18:00:00,466.8,408.87192405352283,1,1
2022-09-22 19:00:00,477.67,350.62105746295805,1,1
2022-09-22 20:00:00,352.48,334.11842054154175,1,1
2022-09-22 21:00:00,239.94,285.49636055397156,0,1
2022-09-22 22:00:00,93.81,169.67505051548306,0,0
2022-09-22 23:00:00,0.0,173.55073445683027,0,0
2022-09-23 00:00:00,85.82,59.505717270704594,0,0
2022-09-23 01:00:00,59.760000000000005,63.62165691880345,0,0
2022-09-23 02:00:00,0.0,17.38299506792132,0,0
2022-09-23 03:00:00,0.0,6.199264601169236,0,0
2022-09-23 04:00:00,14.0,6.859119602521249,0,0
2022-09-23 05:00:00,81.94,28.390207514419988,0,0
2022-09-23 06:00:00,76.99,51.6884956806157,0,0
2022-09-23 07:00:00,244.34,168.1353474074075,0,0
2022-09-23 08:00:00,251.12,252.0045096119857,0,1
2022-09-23 09:00:00,157.06,191.14675175519915,0,0
2022-09-23 10:00:00,127.71000000000001,158.96390545878324,0,0
2022-09-23 11:00:00,125.58,123.15791330429506,0,0
2022-09-23 12:00:00,177.18,181.12270859490022,0,0
2022-09-23 13:00:00,106.55,186.89853252949842,0,0
2022-09-23 14:00:00,122.74,176.78113980981817,0,0
2022-09-23 15:00:00,163.93,161.08350030326133,0,0
2022-09-23 16:00:00,288.17,232.71981367184674,1,0
2022-09-23 17:00:00,278.71,361.24895329396327,1,1
2022-09-23 18:00:00,405.16,334.36845878409684,1,1
2022-09-23 19:00:00,390.84000000000003,346.9722319047356,1,1
2022-09-23 20:00:00,283.99,290.88273913274645,1,1
2022-09-23 21:00:00,367.05,250.14701411244585,1,1
2022-09-23 22:00:00,138.75,174.84866496603627,0,0
2022-09-23 23:00:00,81.89,190.16905547445913,0,0
2022-09-24 00:00:00,2.42,70.10087716440172,0,0
2022-09-24 01:00:00,76.95,39.51626673963237,0,0
2022-09-24 02:00:00,0.0,17.17947474998915,0,0
2022-09-24 03:00:00,3.61,15.363871967754964,0,0
2022-09-24 04:00:00,0.0,13.502708357645652,0,0
2022-09-24 05:00:00,41.16,14.616033908983235,0,0
2022-09-24 06:00:00,45.879999999999995,59.33258117781735,0,0
2022-09-24 07:00:00,147.57999999999998,125.26742000000006,0,0
2022-09-24 08:00:00,282.35,201.00746079483693,1,0
2022-09-24 09:00:00,197.73,178.48165617908492,0,0
2022-09-24 10:00:00,102.35,187.38008822991273,0,0
2022-09-24 11:00:00,172.58,150.5964461413756,0,0
2022-09-24 12:00:00,179.39,151.82011641932044,0,0
2022-09-24 13:00:00,225.74,156.41839819233473,0,0
2022-09-24 14:00:00,201.65,179.5260647845602,0,0
2022-09-24 15:00:00,122.74,188.30260436938218,0,0
2022-09-24 16:00:00,202.22,265.73439746429705,0,1
2022-09-24 17:00:00,256.59,309.13064208710426,0,1
2022-09-24 18:00:00,144.58,276.89625645477014,0,1
2022-09-24 19:00:00,145.63,283.1832397066247,0,1
2022-09-24 20:00:00,348.77,241.16976596365882,1,1
2022-09-24 21:00:00,268.62,248.22609149620675,1,1
2022-09-24 22:00:00,173.96,169.05156164326726,0,0
2022-09-24 23:00:00,81.42,142.40700040503947,0,0
2022-09-25 00:00:00,63.16,80.17304672030122,0,0
2022-09-25 01:00:00,29.36,28.780260567300836,0,0
2022-09-25 02:00:00,54.76,3.463410150943088,0,0
2022-09-25 03:00:00,0.23,3.9410947070523927,0,0
2022-09-25 04:00:00,31.63,6.549102765459693,0,0
2022-09-25 05:00:00,54.91,23.356912172287085,0,0
2022-09-25 06:00:00,50.699999999999996,51.00281593946688,0,0
2022-09-25 07:00:00,111.83,140.7760470588236,0,0
2022-09-25 08:00:00,226.53,168.08956255394335,0,0
2022-09-25 09:00:00,162.98,170.62549249876457,0,0
2022-09-25 10:00:00,161.46,160.53483439356336,0,0
2022-09-25 11:00:00,150.24,124.64950676486207,0,0
2022-09-25 12:00:00,203.98000000000002,150.13189647592242,0,0
2022-09-25 13:00:00,129.88,152.73807598612527,0,0
2022-09-25 14:00:00,208.97,155.0902395582537,0,0
2022-09-25 15:00:00,203.9,175.30024490169038,0,0
2022-09-25 16:00:00,237.31,203.062040391635,0,0
2022-09-25 17:00:00,138.16,296.39313394959225,0,1
2022-09-25 18:00:00,244.46,274.4254312388964,0,1
2022-09-25 19:00:00,384.06,298.16267174184213,1,1
2022-09-25 20:00:00,276.94,269.26483706665016,1,1
2022-09-25 21:00:00,137.1,295.0936789939,0,1
2022-09-25 22:00:00,220.32,174.16888173128933,0,0
2022-09-25 23:00:00,76.02,137.08223719370068,0,0
2022-09-26 00:00:00,97.29,57.93424419804637,0,0
2022-09-26 01:00:00,58.4,24.555379383326677,0,0
2022-09-26 02:00:00,0.0,10.912201313273952,0,0
2022-09-26 03:00:00,16.5,8.194987740996323,0,0
2022-09-26 04:00:00,9.79,8.655602713261045,0,0
2022-09-26 05:00:00,18.21,15.83711907275143,0,0
2022-09-26 06:00:00,50.54,82.1697513489072,0,0
2022-09-26 07:00:00,180.20999999999998,124.3224371794872,0,0
2022-09-26 08:00:00,268.92,228.95542556885925,1,0
2022-09-26 09:00:00,245.9,174.4373369847788,0,0
2022-09-26 10:00:00,108.36,138.97685976372907,0,0
2022-09-26 11:00:00,159.9,127.8016066536266,0,0
2022-09-26 12:00:00,190.99,172.31843461587422,0,0
2022-09-26 13:00:00,321.93,151.122063221812,1,0
2022-09-26 14:00:00,108.34,169.46601262152942,0,0
2022-09-26 15:00:00,103.14,151.8102959623682,0,0
2022-09-26 16:00:00,292.17,237.03599791884534,1,1
2022-09-26 17:00:00,367.89,306.19954250410046,1,1
2022-09-26 18:00:00,270.2,362.02454232088917,1,1
2022-09-26 19:00:00,316.2,327.82346554033853,1,1
2022-09-26 20:00:00,272.19,320.1138554817599,1,1
2022-09-26 21:00:00,210.05,240.46283070485123,0,1
2022-09-26 22:00:00,192.26999999999998,185.22744988059236,0,0
2022-09-26 23:00:00,135.87,172.48898082701197,0,0
2022-09-27 00:00:00,154.88,72.73151112627495,0,0
2022-09-27 01:00:00,0.0,39.48146313904629,0,0
2022-09-27 02:00:00,0.0,13.094384677076638,0,0
2022-09-27 03:00:00,0.0,16.76131839632922,0,0
2022-09-27 04:00:00,5.47,25.513029431930303,0,0
2022-09-27 05:00:00,27.6,23.236220245463542,0,0
2022-09-27 06:00:00,62.129999999999995,52.456980163927994,0,0
2022-09-27 07:00:00,137.78,155.7805875350141,0,0
2022-09-27 08:00:00,335.02,243.91130339904447,1,1
2022-09-27 09:00:00,148.93,190.02326180535064,0,0
2022-09-27 10:00:00,84.93,157.57507311843958,0,0
2022-09-27 11:00:00,89.75,137.98441990459187,0,0
2022-09-27 12:00:00,89.19,162.60355138677,0,0
2022-09-27 13:00:00,174.94,149.2838025726961,0,0
2022-09-27 14:00:00,144.27,163.0623801158144,0,0
2022-09-27 15:00:00,181.22,192.5402960901398,0,0
2022-09-27 16:00:00,267.55,220.08194081486727,1,0
2022-09-27 17:00:00,410.01,314.07718671018847,1,1
2022-09-27 18:00:00,537.45,377.72529135416863,1,1
2022-09-27 19:00:00,277.31,316.8234514290648,1,1
2022-09-27 20:00:00,316.7,300.87674439701175,1,1
2022-09-27 21:00:00,220.31,292.14958028039956,0,1
2022-09-27 22:00:00,471.26,157.81662607114413,1,0
2022-09-27 23:00:00,267.48,206.28413278327028,1,0
2022-09-28 00:00:00,102.58,84.01224230230237,0,0
2022-09-28 01:00:00,0.0,41.4239343746645,0,0
2022-09-28 02:00:00,0.0,12.176218686438583,0,0
2022-09-28 03:00:00,0.0,7.8863570708480015,0,0
2022-09-28 04:00:00,0.0,16.702418098046437,0,0
2022-09-28 05:00:00,0.0,37.31028396470164,0,0
2022-09-28 06:00:00,55.56,61.97282177697433,0,0
2022-09-28 07:00:00,82.21,134.0483674074075,0,0
2022-09-28 08:00:00,344.64,213.56815518566617,1,0
2022-09-28 09:00:00,78.11,184.16217206367278,0,0
2022-09-28 10:00:00,115.87,149.2740079124797,0,0
2022-09-28 11:00:00,186.76999999999998,159.00766387534532,0,0
2022-09-28 12:00:00,162.92,147.18475572992767,0,0
2022-09-28 13:00:00,222.08,172.78063175215397,0,0
2022-09-28 14:00:00,213.01,144.63606920325788,0,0
2022-09-28 15:00:00,170.16,210.81157449832264,0,0
2022-09-28 16:00:00,244.85,256.4080970268104,0,1
2022-09-28 17:00:00,203.76999999999998,326.7324785722625,0,1
2022-09-28 18:00:00,377.03999999999996,405.76263537131877,1,1
2022-09-28 19:00:00,387.2,358.5192808574636,1,1
2022-09-28 20:00:00,315.14,334.5791536585323,1,1
2022-09-28 21:00:00,93.09,257.4352386809502,0,1
2022-09-28 22:00:00,261.41,208.9674647546524,0,0
2022-09-28 23:00:00,57.03,157.50052474820117,0,0
2022-09-29 00:00:00,80.29,76.08093321877823,0,0
2022-09-29 01:00:00,37.17,21.23117446959287,0,0
2022-09-29 02:00:00,0.0,17.012843867712082,0,0
2022-09-29 03:00:00,0.0,5.856994706919333,0,0
2022-09-29 04:00:00,6.49,9.469160109399127,0,0
2022-09-29 05:00:00,0.0,23.11999997676008,0,0
2022-09-29 06:00:00,69.19,55.53598951669915,0,0
2022-09-29 07:00:00,101.38,142.56692225885226,0,0
2022-09-29 08:00:00,334.09,235.2186054513046,1,0
2022-09-29 09:00:00,189.22,184.0844021594681,0,0
2022-09-29 10:00:00,168.17000000000002,151.63396056158066,0,0
2022-09-29 11:00:00,122.89,161.09189458497488,0,0
2022-09-29 12:00:00,168.22,133.50086024665063,0,0
2022-09-29 13:00:00,247.3,182.26583237396486,0,0
2022-09-29 14:00:00,197.21,150.24901475815872,0,0
2022-09-29 15:00:00,187.64,171.56714003424915,0,0
2022-09-29 16:00:00,141.77,279.440698332705,0,1
2022-09-29 17:00:00,313.54,296.7844566181709,1,1
2022-09-29 18:00:00,376.17,358.4838656927146,1,1
2022-09-29 19:00:00,339.88,346.6675064738159,1,1
2022-09-29 20:00:00,350.68,282.53535173736867,1,1
2022-09-29 21:00:00,402.63,284.71799296777726,1,1
2022-09-29 22:00:00,198.14,187.2662683028857,0,0
2022-09-29 23:00:00,138.42,144.73323687332595,0,0
2022-09-30 00:00:00,94.80000000000001,96.02943254187447,0,0
2022-09-30 01:00:00,2.53,29.72793167815781,0,0
2022-09-30 02:00:00,0.0,11.392139335080826,0,0
2022-09-30 03:00:00,0.0,7.984819972552967,0,0
2022-09-30 04:00:00,0.0,14.368474194536105,0,0
2022-09-30 05:00:00,82.33,27.09645884062222,0,0
2022-09-30 06:00:00,115.81,62.04466927849928,0,0
2022-09-30 07:00:00,134.35999999999999,184.29137407407433,0,0
2022-09-30 08:00:00,323.98,251.32629053711338,1,1
2022-09-30 09:00:00,243.41,206.47778207140044,0,0
2022-09-30 10:00:00,201.49,153.83537536859197,0,0
2022-09-30 11:00:00,64.19,136.1048537733607,0,0
2022-09-30 12:00:00,165.82,152.3690546145156,0,0
2022-09-30 13:00:00,245.01,192.53027474609723,0,0
2022-09-30 14:00:00,205.76,177.67221994323666,0,0
2022-09-30 15:00:00,303.34000000000003,201.51609805070095,1,0
2022-09-30 16:00:00,257.66,247.2326447007449,0,1
2022-09-30 17:00:00,182.82,341.5587001002062,0,1
2022-09-30 18:00:00,304.43,338.0249164232207,1,1
2022-09-30 19:00:00,176.21,332.6868077069403,0,1
2022-09-30 20:00:00,225.77,307.1597415255062,0,1
2022-09-30 21:00:00,66.72999999999999,272.69401502431,0,1
2022-09-30 22:00:00,30.11,136.36987020035738,0,0
2022-09-30 23:00:00,0.1,120.6698300173522,0,0
